ID_Annotation,UUID,ID_Text,ID_Entity,QUOTE_TRANSCRIPTION,Length_quote,START,STOP,Paragraph,Page/Column
1,045fae6c-9e2e-4b6b-a92f-a3c29e008d89,3,9,Δουναλέ,7,43,49,,coll. 317-318
2,fdd73e7c-8c39-48a3-a136-fedbdd4ea908,3,24,Στεφάνου,8,112,119,,coll. 317-318
3,b14186ca-00ea-4cdb-a6fd-7886a26272a5,3,21,Ῥωμανοῦ,7,225,231,,coll. 317-318
4,8f6134b9-bf47-4e1e-aa1a-7ef4890112e2,3,7,Κωνσταντίνου ‌,14,239,252,,coll. 317-318
5,42f8aafb-0f0d-4498-b550-ba0566ee0712,3,23,νήσου,5,319,323,,coll. 317-318
6,f2631f41-af4b-4831-bbcd-a69668e9ba45,3,11,Νιβερτὶς,8,354,361,,coll. 317-318
7,829e48f7-d12d-4a63-96a5-4680bf29b8ea,3,4,Βερόη,5,392,396,,coll. 317-318
8,67dc812e-1809-4313-9a40-95cba3e23366,3,5,Γαδείρων,8,415,422,,coll. 317-318
9,4b375fb8-ea63-4029-a6ca-b8155ff2ba87,3,3,Ὠκεανοῦ,7,436,442,,coll. 317-318
10,64967315-5c81-457a-b2e3-994e6b12d58f,3,14,Ἰώβ,3,770,772,,coll. 317-318
11,63ff1fb6-5b58-4d51-9900-932fb76f2750,3,12,Ἱεροσόλυμα,10,922,931,,coll. 317-318
12,5454dc22-e3f0-42ee-a255-2f84e5a0934f,3,22,Ῥώμῃ ‌,6,1090,1095,,coll. 317-318
13,dc07c119-0da1-498e-8209-9b1dc05601dc,3,19,Πέτρου,6,1165,1170,,coll. 317-318
14,8b4e6bc8-ba18-4efe-a950-b48531a86325,3,18,Παύλου,6,1178,1183,,coll. 317-318
15,1e209a5a-d59a-4c4e-a8f8-1d5dab17a359,3,17,ἐν ‌τῇ Ῥώμῃ ‌ἔρχεται,20,1322,1341,,coll. 317-318
16,ada8f0c1-16b0-4fb1-ad24-c0a6ef37a2ea,3,22,Ῥώμῃ,4,1329,1332,,coll. 317-318
17,d3332a36-2753-4553-9c24-b51c97625474,3,2,Ἀγαπητῷ,7,1377,1383,,coll. 317-318
18,ed14e174-a9ec-48b1-af6f-7abea5f8f0df,3,19,Πέτρῳ,5,1848,1852,,coll. 317-318
19,fd3292fe-7a71-4673-ac23-c91a4091f3e5,3,25,‌ἔφθασε ‌δὲ ‌καὶ ‌ἕως ‌τῆς ‌εὐσεβοῦς ‌βασιλείας ‌Ῥωμανοῦ ‌καὶ ‌Κωνσταντίνου ‌τῶν ‌πορφυρογεννήτων ‌καὶ ‌χριστιανικωτάτων ‌βασιλέων,130,176,305,,coll. 317-320
20,7e359d32-e5b8-48aa-91a0-bf5b348de46d,3,22,Ῥώμην,5,2293,2297,,coll. 319-320
21,4ccbed96-6035-4d01-bece-6907e9b4b4af,3,1,Ἀλβερίχου,9,2299,2307,,coll. 319-320
22,0b4f6863-3747-4bab-9bd8-c11995481e84,3,20,πρὸς ‌τὴν ‌βασιλεύουσαν ‌τῶν ‌πόλεων ‌ἔρχεται,45,2351,2395,,coll. 319-320
23,ad3dae30-8cc6-4def-8760-5f06a7d15738,3,8,βασιλεύουσαν,12,2362,2373,,coll. 319-320
24,c2d5a8e0-9460-4021-89de-e3c07b4b395f,3,7,Κωνσταντίνῳ,11,2404,2414,,coll. 319-320
25,2d1c5326-307b-495d-a32a-3a7acd7709e3,3,21,Ῥωμανῷ,6,2422,2427,,coll. 319-320
26,52d82b3b-79ac-4253-a88f-ae83089641b6,3,12,Ἱεροσόλυμα,10,2976,2985,,coll. 319-320
27,72f0e57c-6c2e-48cc-8026-4c9c7a922701,3,16,καταλαμβάνει ‌τὰ Ἱεροσόλυμα,27,3118,3144,,coll. 319-320
28,5fa0253d-5579-4ff9-bc6d-0a3d97c60dab,3,12,Ἱεροσόλυμα,10,3135,3144,,coll. 319-320
30,96a02f8f-75bd-4cbe-912b-47d4f027d07c,3,6,Χριστοδούλου,12,3213,3224,,coll. 319-320
31,13e3f52a-5b7e-429d-92d6-b800928db127,3,24,Στέφανος,8,3259,3266,,coll. 319-320
32,085c348a-a1c9-40ac-8b6b-608e74a98fad,3,10,Αἴγυπτον,8,3712,3719,,coll. 319-320
34,9649c273-df8b-4a4f-866d-bf02c6b4a710,3,15,Ἰωσήφ,5,3813,3817,,coll. 319-320
29,1c29e36d-c49a-4271-be1a-bfeffb0fad73,3,13,Ταβαρίας,8,3852,3859,,coll. 319-320
33,ab4805e9-fdf0-4a32-ab87-e32ebc31ddea,3,10,Αἰγύπτου,8,4087,4094,,coll. 319-320
35,7f83eeae-1ded-4907-a28b-87f9146cacad,1,82,Μιχαὴλ,6,54,59,,p. 44
36,90147b49-7b6e-445b-97f0-7f08a3c9cfe9,1,12,`Ιεροσολύμων,12,104,115,,p. 44
37,b97e9bac-5093-43fc-bd15-cd1875ae26f7,1,82,Μιχαήλ,6,463,468,,p. 44
38,f7f53f5a-6a73-465e-accc-68172f57d17d,1,12,`Ιερουσαλήμ,11,554,564,,p. 44
39,fc9d0cf9-f1a7-4d5b-8017-bc4f6548e6f7,1,8,Κωνσταντινούπολις,17,640,656,,p. 44
40,f7c1eddf-b422-448f-b249-95b5fce830a3,1,90,μονῆς τῆς Χώρας,15,687,701,,p. 44
41,4cdde7b6-038c-4b7a-8a74-e80f2ce0d87a,1,12,`Ιεροσολύμων,12,775,786,§1,p. 44
42,28f47823-b50c-477b-942c-8a0d9c6ed040,1,38,῎Αννῃ,5,1319,1323,§1,p. 44
43,c3bca05c-8050-4d51-95f5-ee8cab82262c,1,112,Σαμουήλ,7,1371,1377,§1,p. 44
44,b7b2cbdd-f270-448a-8da6-3448c1ab2ad2,1,82,Μιχαήλ,6,2066,2071,§1,p. 44
45,eb16b901-eece-4050-814c-f9d256cdff90,1,51,'Ανάστασιν,10,2414,2423,§2,p. 46
46,dbf45fd1-56ea-4801-a94e-e036fba83eb9,1,51,'Αναστάσεως,11,2725,2735,§2,p. 46
47,24628555-ac49-4dcc-aff7-957e8bb827c3,1,51,'Αναστάσεως,11,3044,3054,§2,p. 46
48,b527d18e-72c7-4194-9b0c-390837858fe0,1,51,'Αναστάσει,10,3174,3183,§2,p. 46
49,59eccee5-41da-4cbb-a7bb-9b750d3d2233,1,82,Μιχαὴλ,6,4813,4818,§3,p. 48
50,7e537fe3-27c0-41aa-968f-ce1c94b31495,1,50,τῆς ἁγίας Σιών,14,4949,4962,§3,p. 48
51,9fb60b01-702f-4700-8038-1d1a57c1012d,1,84,καταλαμβάνει,12,5320,5331,§3,p. 48
52,af78c48f-5da4-49d1-91b9-1024a85ee8cf,1,93,τὴν μεγίστην λαύραν τοῦ ἐν ἁγίοις πατρὸς ἡμῶν καὶ καθηγητοῦ τῆς ἐρήμου Σάβα,75,5333,5407,§3,p. 48
53,c61b1019-ad8f-47a4-8561-c430e7af3852,1,27,ἦν γὰρ ὡς ἐτῶν εἴκοσι καὶ πέντε,31,5705,5735,§3,p. 50
54,b2341c35-afdd-4a4c-9e9f-1775edbcd988,1,82,Μιχαήλ,6,6003,6008,§3,p. 50
55,75cf557e-5d12-4532-b53b-1f1b239b67d9,1,93,Λαύρας,6,7075,7080,§5,p. 52
56,cef253bf-5e1a-457a-937d-24ccf4b1ec65,1,128,Θωμᾶν,5,7133,7137,§4,p. 50
57,09437841-a6c0-423e-8b9b-c4d95d599ceb,1,82,Μιχαήλ,6,7206,7211,§4,p. 50
58,3f1de947-db33-4f6b-8539-a2122a05821d,1,82,Μιχαὴλ,6,7307,7312,,p. 44
59,30a39448-c018-45b4-8b46-1633ec17cf67,1,51,'Αναστάσει,10,7347,7356,§2,p. 46
60,708ddf4f-c13a-4614-8655-f13362bf00f4,1,82,Μιχαήλ,6,8084,8089,§4,p. 52
61,02939640-c6a4-4d4b-aebf-ebd94c00d906,1,118,Θεοδώρου,8,8410,8417,§5,p. 52
62,d258f488-1955-452f-bf12-f95a87b7660e,1,124,Θεοφάνους,9,8423,8431,§5,p. 52
63,19bee7f0-123f-4185-b2f4-4e15d51194bb,1,118,Θεοδώρου,8,8448,8455,§5,p. 52
64,f5d44f75-ba50-4289-b6ab-984375c870d4,1,124,Θεοφάνους,9,8504,8512,§5,p. 52
65,dc2a91e5-162e-403e-abcd-086c9c9d7cf6,1,82,Μιχαὴλ,6,8564,8569,,p. 44
66,10c61e7a-ce90-4d46-801e-af9c77ee6173,1,93,Λαύρας,6,8584,8589,§5,p. 52
67,08092ef6-74df-45a4-b822-53a48e304c68,1,82,Μιχαήλ,6,9611,9616,§5,p. 54
68,0ec87e4e-cdd4-4606-88a8-fae8db419c63,1,28,πεντηκοστῷ,10,9953,9962,§5,p. 54
69,7628fb9f-7d6c-4fed-b316-8232556f63c5,1,82,Μιχαὴλ,6,9980,9985,,p. 44
70,843072bc-625e-4915-bf3d-730893d7c8a2,1,128,Θωμᾶς,5,10046,10050,§5,p. 54
71,6029abe6-e5d6-42f2-8904-4e7a701d8ca5,1,82,Μιχαὴλ,6,10085,10090,§5,p. 54
72,4a393a1d-8890-418c-be86-f6e78f2b78bf,1,85,μεταστήσας,10,10119,10128,§5,p. 54
73,be78f8f6-1ad2-4b9e-9f66-da183c5e8ffa,1,51,'Αναστάσει,10,10202,10211,§5,p. 54
74,ec25aaad-d941-40b5-9d0a-d854fa528030,1,118,Θεοδώρου,8,10268,10275,§5,p. 54
75,f67ec7ed-4f2f-410b-97c6-34678085cd76,1,124,Θεοφάνους,9,10286,10294,§5,p. 54
76,f39208ac-5f45-40ce-9870-4ad09341c6af,1,94,μονῇ τῶν Σπουδαίων,18,10328,10345,§5,p. 54
77,cbcefeea-0436-4a45-8f89-be556520b1c6,1,61,Ηλία,4,10392,10395,§5,p. 54
78,a30a356f-d613-4049-9498-c1d1265fbf2f,1,51,'Αναστάσεως,11,10437,10447,§5,p. 54
79,87a6df19-b62f-4bfd-97ce-0746b6869e36,1,82,Μιχαήλ,6,10519,10524,§5,p. 54
80,84e8080e-a95e-49c7-a9f3-7d8d3b50f7b4,1,118,Θεόδωρον,8,10527,10534,§5,p. 54
81,5df01e80-de25-40e7-a674-2b61ef5736a4,1,124,Θεοφάνην,8,10540,10547,§5,p. 54
82,c7e2b345-b057-43d3-9ef3-3d4abf3fd4ee,1,51,'Αναστάσεως,11,10609,10619,§5,p. 54
83,e6af1ec1-44ba-4097-a922-93a84e34052a,1,82,Μιχαὴλ,6,10657,10662,§5,p. 54
84,137f5534-8c0d-421e-9b31-1bc7e7dc0df8,1,128,Θωμᾶς,5,10702,10706,§5,p. 54
85,de1bd648-bc62-425d-af31-c6073a63c5d3,1,82,Μιχαὴλ,6,10763,10768,§6,p. 54
86,a9c05a6b-1883-433d-b7d4-49299844143a,1,19,Πέτρου,6,10926,10931,§6,p. 54
87,fc7e7172-6acc-4fe3-b757-12e9f593ce96,1,14,Παύλου,6,10937,10942,§6,p. 54
88,430b8ba2-6b9d-4ad8-9b3b-f852decfd641,1,22,`Ρώμῃ,5,10988,10992,§6,p. 54
89,5cf10a42-4100-4a46-87fe-04cd58296899,1,102,Νέρωνος,7,10998,11004,§6,p. 54
90,766e4fa6-1a58-4dec-a20f-059d2689c912,1,8,Κωνσταντινουπόλει,17,11260,11276,§6,p. 56
91,32159643-11af-4a8e-a0e3-ac9ae384941e,1,78,Μακεδονίου,10,11297,11306,§6,p. 56
92,b44406bb-34f6-47da-9f73-7f5fd7ab7f5f,1,122,Θεοδοσίου τοῦ Μεγάλου,21,11379,11399,§6,p. 56
93,f2d4248c-3387-42df-a163-1bfd539df4b7,1,22,`Ρώμην,6,11543,11548,§6,p. 56
94,cfa52edc-579f-499b-9707-41f8b5ecf98b,1,128,Θωμᾶν,5,11792,11796,§6,p. 56
95,5a1baebe-4bc0-4dda-bcc5-04cb25112fce,1,82,Μιχαὴλ,6,12126,12131,§6,p. 56
96,a10c0196-989f-46a5-aec4-8173a97066a7,1,114,Σικελίᾳ,7,12206,12212,§6,p. 56
97,cb517c58-53ca-4ce8-a5af-8d8afe1e6804,1,128,Θωμᾶς,5,12299,12303,§6,p. 56
98,8e930682-0986-4b5f-997f-817b4990efdb,1,82,Μιχαὴλ,6,12536,12541,§6,p. 56
99,f52ba04a-cb91-40e1-b378-11bc910dca68,1,22,`Ρώμῃ,5,12594,12598,§6,p. 56
100,05b0db70-d3f0-410c-9e50-7d767f70000c,1,51,'Αναστάσει,10,13121,13130,§6,p. 56
101,d13de6c5-6f95-46ca-8cac-6af9848cd9cd,1,12,`Ιερουσαλήμ,11,13192,13202,§6,p. 56
102,994a7490-8e3f-4303-af9e-3ee8b3c31ee6,1,82,Μιχαὴλ,6,13431,13436,§6,p. 58
103,ca5654a2-3251-443b-9372-f93a1621789c,1,51,'Αναστάσει,10,13589,13598,§6,p. 58
104,b3dfa755-ae70-4359-97f6-3a95ac5f4d14,1,8,Κωνσταντινουπόλει,17,13889,13905,§6,p. 58
105,e5f9155a-b078-4f5b-89f3-0f40d1e44605,1,123,Θεόδοτον,8,13921,13928,§6,p. 58
106,dcfa877b-7683-4dc9-bbea-d72e2a53a93b,1,75,Λέοντα,6,14005,14010,§6,p. 58
107,d01fcb5b-42c3-4336-9283-41baee07e358,1,75,Λέοντος,7,14271,14277,§6,p. 58
108,b97a257f-834f-4a7b-bc2f-a04ce7980ba8,1,82,Μιχαήλ,6,14330,14335,§6,p. 58
109,d0ef264f-a857-483e-b000-4bf6b81c4416,1,22,`Ρώμῃ,5,14400,14404,§6,p. 58
110,0d08924c-3819-4bc3-9292-61d07b00460e,1,119,Θεόδωρος ὁ τῶν Στουδίων,23,14542,14564,§7,p. 58
111,727e9014-3d6c-4e58-91f1-63182a997304,1,104,Νικηφόρου τοῦ βασιλέως,22,14598,14619,§7,p. 58
112,26181d2a-434a-4e4e-8211-108f38ab323e,1,8,Κωνσταντινουπόλει,17,14766,14782,§7,p. 58
113,064e0064-86dd-4b83-a169-92ebe56e05cc,1,123,Θεόδοτον,8,14927,14934,§7,p. 58
114,60e41d26-907a-448a-a4d2-972bb2505a9b,1,75,Λέοντα,6,14985,14990,§7,p. 58
115,9a128351-a849-442b-a98e-531d36f4f81d,1,82,Μιχαήλ,6,15124,15129,§8,p. 60
116,6e164233-ad30-4e2f-85fd-4c03b0f0f6c0,1,86,ἐξῆλθε,6,15424,15429,§8,p. 60
117,c5c65c08-e36f-44ec-bd22-96ebe3e96bed,1,118,Θεοδώρου,8,15494,15501,§8,p. 60
118,c7d5b242-60a6-4620-8dd2-8905d1e00dbf,1,124,Θεοφάνους,9,15512,15520,§8,p. 60
119,819d2296-4d81-40ac-8f0a-b5c7b40c97a0,1,129,'Ιὼβ,4,15554,15557,§8,p. 60
120,774a3f70-76ae-4285-9eab-32fe6ec3f327,1,57,Διοσπόλεως,10,15735,15744,§8,p. 60
121,c94a4fda-fdd4-48d2-93b8-ab4a8dfa6fcf,1,77,Λύδδης,6,15750,15755,§8,p. 60
122,eb155ca7-15e0-42e7-9788-6f41c528ea79,1,113,Σελευκείας,10,15870,15879,§8,p. 60
123,8f0c5d34-0d0c-4d46-b952-08649a4130db,1,103,Νίκαιαν,7,15976,15982,§8,p. 60
124,2f0c10cc-714e-4f2f-b66e-d2c7e0bb213e,1,54,Κωνσταντίνου,12,16021,16032,§8,p. 60
125,9b9e68f3-f77b-4d48-b5ba-148fe49926b4,1,69,Εὑρήνης,7,16038,16044,§8,p. 60
126,c9f32a92-a7e3-4c7c-a901-b483d0d7755d,1,116,Ταρασίου,8,16094,16101,§8,p. 60
127,b7c8c70b-5eeb-4ce7-9b56-1385389c4074,1,116,Ταράσιον,8,16212,16219,§8,p. 60
128,04edf77f-11be-4c9a-9ed2-96c4ae28ff18,1,105,Νικηφόρον,9,16225,16233,§8,p. 60
129,86c4a06c-252f-4299-883d-f6b9852f7074,1,12,`Ιεροσολύμοι,12,16582,16593,§8,p. 60
130,371fbaff-9101-4d9e-8654-a734dea05586,1,116,Ταράσιον,8,16863,16870,§8,p. 60
131,bdac8b96-203a-4f7f-8ebd-db2b8cb17c2c,1,105,Νικηφόρον,9,16876,16884,§8,p. 60
132,ca2fba6c-bccd-4a79-978f-5a34b9917d95,1,123,Θεοδότῳ,7,17175,17181,§9,p. 62
133,6e2112b3-07f3-4b73-b121-361096dcedee,1,87,εὑσῆλθεν,8,17231,17238,§9,p. 62
134,7f2bf230-a98a-402d-bfdf-b47e39220f4e,1,82,Μιχαὴλ,6,17291,17296,§9,p. 62
135,634b2b1e-5a91-4711-9cb8-d40f8d3763a5,1,8,Κωνσταντινουπόλει,17,17317,17333,§6,p. 56
136,f033a361-bec7-4fb5-9131-321a0968afda,1,29,μηνὶ μαΐῳ ὑνδ. ζ',17,17335,17351,§9,p. 62
137,a390ff6b-32e1-438e-b4ba-89204fa53b87,1,123,Θεοδότῳ,7,17430,17436,§9,p. 62
138,ebf51ca8-a128-4349-b016-92db73e844be,1,82,Μιχαήλ,6,17712,17717,§9,p. 62
139,82327295-003d-4f00-9bb6-f06c35d13432,1,90,τῆς Χώρας μονῇ,14,17726,17739,§9,p. 62
140,ce3f4c62-9848-439e-a392-f5831c029762,1,82,Μιχαὴλ,6,17989,17994,§10,p. 62
141,b3810654-2601-4803-b991-a78b7cfbe93f,1,82,Μιχαὴλ,6,18326,18331,§10,p. 62
142,9d2d7c59-d277-4373-9616-27e95e3e772e,1,12,`Ιεροσολύμων,12,19043,19054,§11,p. 64
143,f3665f5f-7178-4beb-b7b9-4798263fb6db,1,8,Κωνσταντινουπόλει,17,19059,19075,§11,p. 64
144,bffaa9f0-ad32-4ff7-a5d1-4b1026c1e8ee,1,123,Θεοδότῳ,7,19090,19096,§11,p. 64
145,c9b4e193-da4b-428e-8ace-a234bf10f982,1,75,Λέοντι,6,19113,19118,§11,p. 64
146,1720e4ba-06f9-4479-b7e0-d747ecd52bc9,1,36,'Αδάμ,5,19537,19541,§11,p. 64
147,c429e406-5d7d-485d-99f8-ea7ac450e8ea,1,95,Μωσεῖ,5,19944,19948,§11,p. 64
148,3d32ac56-27fe-466c-bbb8-c8cc6db706a2,1,70,'Ησαΐας,7,20181,20187,§11,p. 64
149,4cda1664-aada-40d6-a342-d33618a4cfb5,1,71,`Ιερεμίας,9,20190,20198,§11,p. 64
150,df65c9db-759c-4b2c-9c8f-c0b3ed0fba7f,1,55,Δανιήλ,6,20201,20206,§11,p. 64
151,ca6784ac-5231-48fc-a4fd-05ea653934d4,1,64,'Ιεζεκιὴλ,9,20209,20217,§11,p. 64
152,7df62a32-8762-423f-8031-d86df0168ec7,1,106,Παγκρατίῳ,9,20801,20809,§11,p. 66
153,996dcfb2-193a-4149-90ab-f5bc6042dbe7,1,76,Λουκᾶς,6,21442,21447,§11,p. 66
154,7333cf4d-cf50-4d88-8887-d99a49eaa878,1,22,`Ρώμῃ,5,21608,21612,§11,p. 66
155,3483f2b5-e75b-44f7-a350-417ae18bcc00,1,35,'Αβγάρῳ,7,21854,21860,§11,p. 66
156,70311e26-d047-4f54-93ab-14f663dd4fb5,1,58,'Εδέσης,7,21890,21896,§11,p. 66
157,1b2595b6-c6ed-4db4-95d8-cd06cd0b02dc,1,56,Δαυὶδ,5,23886,23890,§12,p. 68
158,19728726-2f78-42ea-b270-4f5916b93a01,1,56,Δαυὶδ,5,24373,24377,§13,p. 68
159,8a42cbbb-a28c-4d7e-92d8-054b51543cff,1,82,Μιχαὴλ,6,25742,25747,§14,p. 70
160,7c34fb67-cade-45f3-aec3-ba3a1ef7ef49,1,129,'Ιὼβ,4,25758,25761,§14,p. 70
161,266663da-52d7-4b73-901d-1fdfadf9904e,1,118,Θεόδωρον,8,25814,25821,§14,p. 70
162,1a7dbc93-76d6-466d-bffc-5b5901b76e4e,1,124,Θεοφάνην,8,25827,25834,§14,p. 70
163,4087f385-e917-41fb-8ec5-ff0b07f7b0a0,1,121,ἐξορίστους,10,25857,25866,§14,p. 70
164,02e317b3-8219-42f7-ac09-de289f40f384,1,41,'Αφουσίᾳ,8,25888,25895,§14,p. 70
165,3f71d834-c70b-471c-a87e-eb2d752d92e6,1,29,μηνὶ αὐγούστῳ ὑνδικτιῶνος ἑβδόμης,33,25984,26016,§14,p. 70
166,5e88ee8b-c459-475f-954a-1ed3869be44e,1,30,ἓξ δὲ χρόνων διιππευσάντων,26,26785,26810,§15,p. 72
167,1616404c-25d7-4c27-97bf-b0d82e89bba7,1,80,Μιχαὴλ,6,26899,26904,§15,p. 72
168,ea74ee8d-54c9-4b5e-9645-67d0dbac198d,1,82,Μιχαὴλ,6,26998,27003,§15,p. 72
169,e6c399dc-4ccc-45e4-a66f-8421bbb25c2b,1,88,παραπεμφθῆναι,13,27057,27069,§15,p. 72
170,70065875-4783-4080-abb1-04f1b9d685b2,1,99,'Ολύμπου,8,27087,27094,§15,p. 72
171,d697f19e-f534-4a27-a295-980d9aaf85df,1,48,Παρουσιάδος,11,27119,27129,§15,p. 72
172,29dd9a00-5ae6-421a-b16d-9776dd2ab4f9,1,129,'Ιὼβ,4,27140,27143,§15,p. 72
173,4dc45cdf-a4f5-45fb-aa10-818967e7a331,1,82,Μιχαήλ,6,27295,27300,§15,p. 72
174,9886f9ff-c51b-4d4e-aa63-300340502bad,1,80,Μιχαήλ,6,27529,27534,§16,p. 72
175,1a0fefb1-ad9b-4309-9bde-252a6a342480,1,127,Θεόφιλος,8,27572,27579,§16,p. 72
176,b4932762-f3b6-4977-b185-88d4b963bb86,1,31,τῷ πέμπτῳ ἔτει,14,27900,27913,§16,p. 72
177,877cef16-c754-46b5-a7bf-de94c5426755,1,82,Μιχαὴλ,6,27992,27997,§16,p. 72
178,c25a1861-6788-4532-99d7-3c0b7627f3dd,1,83,καταλαβόντος,12,28060,28071,§16,p. 74
179,b5a873fd-d27f-484a-8da2-0da975e74a6e,1,8,Κωνσταντινούπολιν,17,28090,28106,§16,p. 72
180,7476c343-346c-4c2c-8901-9d1fc8240666,1,129,'Ιὼβ,4,28571,28574,§16,p. 74
181,f45ceae0-40ea-4fdb-8c11-7f0c4b808e8b,1,82,Μιχαὴλ,6,28741,28746,§16,p. 74
182,bc03f1ae-ce5e-4c5d-9bb4-141a8fb317c9,1,62,Εὐφροσύνη,9,28875,28883,§16,p. 74
183,58017097-9bd8-48e0-a00a-3d89db162f11,1,31,μετὰ δὲ τέσσαρας μῆνας,22,29609,29630,§17,p. 74
184,ffa71acb-2eda-495b-bcc9-f7876c8d389e,1,118,Θεοδώρου,8,29745,29752,§17,p. 74
185,4bf9e752-c81f-45ba-aae5-418afb277738,1,124,Θεοφάνους,9,29763,29771,§17,p. 74
186,3b6e88ff-bdb4-4eea-b327-2c77b690294b,1,115,Στέφανός,8,29875,29882,§17,p. 74
187,8290bf24-4217-4fa4-ab59-a47ce8fea19f,1,82,Μιχαὴλ,6,29961,29966,§17,p. 74
188,012afb88-13c4-4cd7-ac53-a5531ad9d893,1,82,Μιχαὴλ,6,30327,30332,§17,p. 74
189,bbeeff4e-59d7-42f7-a830-194a504964ff,1,115,Στέφανον,8,30793,30800,§17,p. 76
190,50fb7ede-b768-4cf7-9e0b-8b754441ef4a,1,115,Στέφανον,8,31029,31036,§17,p. 76
191,0f537365-4dbc-4cd1-9f3e-7c90238c3a3d,1,82,Μιχαὴλ,6,31076,31081,§17,p. 76
192,8cbaf363-1c57-4429-aa55-e2b7032c9c12,1,74,Καλλονᾶν,8,31161,31168,§17,p. 76
193,a4c39d77-3051-42a1-8ead-77ca3c1e5a50,1,22,`Ρώμην,6,31817,31822,§17,p. 76
194,e5ffd59d-d78f-4f6d-abe9-57598f2b746b,1,75,Λέοντα,6,31885,31890,§17,p. 76
195,3cab66b7-31a9-47ed-9105-e35fe1349fd1,1,41,'Αφουσίᾳ,8,33098,33105,§17,p. 78
196,4df980de-0c39-41de-8257-898f4225b85c,1,115,Στέφανόν,8,33411,33418,§17,p. 78
197,89b9adc6-f7a5-4d06-b9d1-86ce42b0d64f,1,74,Καλλονᾶν,8,33441,33448,§17,p. 78
198,0af2c65b-0c53-4113-9e48-3d18a792e491,1,127,Θεόφιλος,8,33718,33725,§18,p. 78
199,67fff85f-d91a-4683-ba83-2ed19408609c,1,82,Μιχαήλ,6,33868,33873,§18,p. 78
200,99a6f771-708c-4c33-a532-ac0b2b7fbdde,1,118,Θεόδωρον,8,33888,33895,§18,p. 78
201,addc584b-facf-4c71-96c2-98934e6fcd77,1,124,Θεοφάνην,8,33901,33908,§18,p. 78
202,aff8554e-0996-42cb-9e1a-a8e9be08c910,1,41,'Αφουσίας,9,33924,33932,§18,p. 78
203,d10eef13-0cc2-41f3-b78c-476b09edfb52,1,120,ἐπανελθεῖν,10,33949,33958,§18,p. 78
204,152a635e-c81c-45ba-9485-7259709b5e0b,1,82,Μιχαὴλ,6,33974,33979,§18,p. 78
205,0bff0c4b-86b6-45bc-b611-68125ef42fa2,1,129,'Ιώβ,4,33996,33999,§18,p. 78
206,d0692a19-216a-41b1-8c1e-3013f3ee3277,1,42,'Απόλλωνος,10,34901,34910,§18,p. 80
207,8b46ec92-ead9-41d9-8f98-a241f4314f44,1,45,'Αρτέμιδο,9,34962,34970,§18,p. 80
208,9e99669a-1103-4580-8187-ea56d942cd74,1,82,Μιχαήλ,6,35509,35514,§18,p. 80
209,0bd6f6e2-d796-41a4-93a0-228e9e784cf2,1,118,Θεοδώρου,8,35525,35532,§18,p. 80
210,34126a66-b26b-4a1d-8511-c2ced6faa0dc,1,124,Θεοφάνου,8,35538,35545,§18,p. 80
211,1d603841-b0b1-41f1-aa2d-300cc084998f,1,8,Κωνσταντινουπόλει,17,35965,35981,§18,p. 80
212,182038ec-7862-4c64-8691-28cdb10b9f7e,1,32,"ἰουλίῳ μηνὶ ὀγδόῃ, ὑνδικτιῶνος τεσσαρεσκαιδεκάτης",49,36270,36318,§18,p. 80
213,5e8b0122-0866-4de9-a642-618dcab413ba,1,59,'Ελεάζαρον,10,38720,38729,§19,p. 84
214,00c776e4-bdbf-4dcb-bbc3-24b4bd53334a,1,109,Πιλάτου,7,39105,39111,§19,p. 84
215,987737bc-9d8e-4b45-a838-646b9974d7e5,1,66,῞Αγαρ,5,39683,39687,§19,p. 84
216,94e22f11-d692-46fc-b84e-786d2ebcbdbc,1,49,Χριστόδουλος,12,39796,39807,§19,p. 84
217,7e606f0f-6bd8-40b0-b75e-c7cfa7034d68,1,118,Θεοδώρου,8,40539,40546,§20,p. 86
218,eef14943-0bb7-48aa-9930-33c10725666a,1,124,Θεοφάνους,9,40553,40561,§20,p. 86
219,7bc73274-5450-4655-b90a-2a13dd43c3c8,1,127,Θεοφίλου,8,40577,40584,§20,p. 86
220,ccd8f46e-421b-4cc9-a016-956896e57769,1,12,`Ιερουσαλήμ,11,43167,43177,§20,p. 88
221,7e335506-f5f0-4bb9-8d03-0fc3a8096a3e,1,12,`Ιερουσαλήμ,11,43559,43569,§20,p. 88
222,c2adfda6-fd6e-4dc4-a97c-51f0d9aac507,1,75,Λέοντος,7,45807,45813,§21,p. 90
223,4d33da4b-8ed7-4ca3-809c-d9004270dd8d,1,75,Λέοντος,7,45969,45975,§21,p. 90
224,11e5d796-89c8-408d-b3e8-e2cd1f21a799,1,49,Χριστοδούλου,12,46708,46719,§22,p. 92
225,2feaa509-36d9-4990-8a41-e0b51b6c5770,1,49,Χριστοδούλου,12,47072,47083,§22,p. 92
226,182c9883-4f72-4a56-92f2-3c5279da0fb4,1,124,Θεοφάνης,8,47285,47292,§22,p. 92
227,ee147c23-e394-4bcf-9455-03ec1634cf66,1,118,Θεόδωρος,8,47924,47931,§22,p. 92
228,a8d9b921-49fd-4e5d-acca-b81e2571c90d,1,118,Θεόδωρος,8,50205,50212,§23,p. 96
229,5ed31516-f7ad-424a-8641-27ff11799a2c,1,124,Θεοφάνης,8,50218,50225,§23,p. 96
230,2f88445b-a3d2-4e30-a9b1-bdc2518d4743,1,82,Μιχαήλ.,7,50507,50513,§24,p. 96
231,6d78320d-15a5-4dda-ad93-0cd146c7b03e,1,12,`Ιερουσαλὴμ,11,51820,51830,§24,p. 96
232,7c51b4f7-8b84-4a2a-84fa-9f169403530b,1,47,Βαβυλωνίαν,10,51892,51901,§24,p. 96
233,03350119-be2b-4605-8ca7-0d0e801fc97b,1,59,'Ελεάζαρ,8,51984,51991,§24,p. 96
234,f09b5b2b-333c-45bc-9714-0fcc4ada4c88,1,40,'Αντίοχον,9,52029,52037,§24,p. 96
235,2180f2b9-bdeb-45ab-a417-5b434fb41b6d,1,12,`Ιερουσαλὴμ,11,52198,52208,§24,p. 98
236,89c7e12c-f3ec-4e2d-884f-df4c680f8102,1,14,'Ιὼβ,4,52489,52492,§24,p. 98
237,7df744b5-8f1b-4f88-809a-d7ef97573d88,1,79,Μεθόδιος,8,52659,52666,§24,p. 98
238,e85aa9a9-3b99-4548-994b-9c4aeac9315a,1,79,Μεθόδιος,8,52841,52848,§24,p. 98
239,dd025805-9868-42ae-b4db-67c7ef524935,1,82,Μιχαήλ,6,52888,52893,§24,p. 98
240,df5cf458-55d2-4913-a684-eb2c72642765,1,118,Θεόδωρον,8,53024,53031,§24,p. 98
241,ef2842d0-dc4a-4ebb-94c7-053f65396f00,1,124,Θεοφάνην,8,53042,53049,§24,p. 98
242,2e41a528-a80c-4d11-8b72-b9a96c77f77f,1,41,'Αφουσίᾳ,8,53125,53132,§24,p. 98
243,e9715ab3-eeec-45e5-958b-a7ad724484d3,1,79,Μεθόδιος,8,53161,53168,§24,p. 98
244,ddf431fb-64a2-414b-afaf-6e706c7a3df3,1,19,Πέτρῳ,5,53945,53949,§24,p. 100
245,87bc95b7-8021-4287-bae8-a99bf4850e23,1,117,Θεοδώραν,8,54306,54313,§25,p. 100
246,364d2d50-e356-4495-afe0-cbef6e5032cb,1,81,Μιχαὴλ,6,54338,54343,§25,p. 100
247,d4eef40a-7515-4650-914f-3223ce62500c,1,117,Θεοδώρα,7,54399,54405,§25,p. 100
248,0d37476c-fa51-4fed-bd0e-7ddefc5ceeb0,1,117,Θεοδώρα,7,55679,55685,§25,p. 100
249,907a4462-9eae-4716-9725-2c9882bad6cc,1,81,Μιχαήλ,6,56006,56011,§25,p. 102
250,76901764-13b1-4f21-b4ad-d84c5fbb5f72,1,72,'Ιωάννην,8,56284,56291,§25,p. 102
251,9f56780e-063e-4988-b8cb-e0fba6d484e8,1,82,Μιχαὴλ,6,56746,56751,§25,p. 102
252,0d698d63-4b2c-45b6-bf05-5be36c5927d5,1,82,Μιχαὴλ,6,57008,57013,§26,p. 102
253,3f1706db-6639-42fb-9f30-975d659e135c,1,81,Μιχαὴλ,6,57187,57192,§26,p. 102
254,cc23e376-3760-4962-8312-147de37022ee,1,68,'Ιωαννίκιον,11,57299,57309,§26,p. 102
255,9d8a28a1-6d5a-43c7-acc3-0dd50217be91,1,99,'Ολύμπου,8,57426,57433,§26,p. 102
256,6a29f8cf-bb68-4a2d-8ba1-7705edfe3c68,1,63,Εὐστρατίῳ,9,57465,57473,§26,p. 102
257,f0467cf5-8a99-4d64-88ec-b4f6b4c008e2,1,89,τῆς τῶν 'Αγαύρων μονῆς,22,57503,57524,§26,p. 102
258,a9896fee-5540-4269-9205-9a9fb9cb4e70,1,92,τῇ Λαύρᾳ τοῦ ἁγίου προφήτου `Ηλίου,34,57719,57752,§26,p. 102
259,ff51c746-43bc-4893-a9ec-c1c5847bd8c1,1,68,'Ιωαννίκιος,11,57899,57909,§26,p. 104
260,9b6fa0c1-0f12-4427-a0a6-727bfb42a841,1,79,Μεθοδίῳ,7,58511,58517,§26,p. 104
261,1f9e35ea-981a-4b51-a58b-28ea8520e13b,1,91,τῶν 'Ελεοβωμητῶν μονῇ,21,58565,58585,§26,p. 104
262,f7fb96f7-1236-4025-b62b-ff279bd08c9c,1,8,Κωνσταντινούπολι,16,58723,58738,§26,p. 104
263,026b2729-71e2-4cbe-b299-65e72c98a8bc,1,79,Μεθόδιος,8,59085,59092,§26,p. 104
264,67bf5a43-0705-45c8-a103-95b6519584a1,1,33,καὶ δὴ τούτου γενομένο,22,59135,59156,§27,p. 104
265,a2a40e37-a26f-421f-a5a6-06919ef14887,1,79,Μεθοδίου,8,59173,59180,§27,p. 104
266,70ea3dec-b14b-468b-a5fd-44fd10e3ddf9,1,107,καταλαβόντος,12,59182,59193,§27,p. 104
267,d2c7a65c-37e6-4ace-b4a0-8c704da04c6e,1,8,Κωνσταντινούπολιν,17,59212,59228,§27,p. 104
268,6cdc54da-23a2-44be-9c57-016df46c2699,1,82,Μιχαὴλ,6,59722,59727,§27,p. 104
269,2fefe1b3-95ba-4e25-8ffb-84be8297aa75,1,90,μονῆς τῆς Χώρας,15,59804,59818,§27,p. 104
270,65d720c8-9829-4a95-b01c-e5505936637f,1,90,μονῆς τῆς Χώρας,15,59885,59899,§28,p. 106
271,8a9ad953-8aa1-4ede-82a1-03c816f867ae,1,73,'Ιουστινιανοῦ,13,60049,60061,§28,p. 106
272,c4e28c03-59d1-4a0e-875a-0d6d70b278f5,1,97,Χωρὴβ,5,60167,60171,§28,p. 106
273,374733dd-105f-41c5-8dd9-6703211f07c5,1,96,Καρμήλιον,9,60181,60189,§28,p. 106
274,ec69684d-4682-491a-b0ff-f4d91f34020d,1,100,Σίναιον,7,60193,60199,§28,p. 106
275,bcd9c19f-11a0-4dc2-b96d-c4628d8009d0,1,101,Θαβώριον,8,60211,60218,§28,p. 106
276,c4ea3e14-fece-4ca7-b431-5f408e09b26f,1,98,Λίβανον,7,60225,60231,§28,p. 106
277,2010bf59-07ff-4b87-adee-48f918caa943,1,12,`Ιεροσολύμοις,13,60269,60281,§28,p. 106
278,9b1843a9-3a73-4f16-826d-306ca22a8504,1,12,`Ιεροσολύμων,12,60390,60401,§28,p. 106
279,79533d10-3c47-40d7-9835-d29afe1249ab,1,110,Σάβας,5,60744,60748,§28,p. 106
280,aa8be3c7-dcac-4d84-ba21-2e0be241ca87,1,111,ἀποσταλεὶς,10,60750,60759,§28,p. 106
281,7e8d4efa-4b86-487e-9eb7-b7260a0e11b5,1,12,`Ιεροσολύμων,12,60790,60801,§28,p. 106
282,e83dd54d-36fa-40e6-ad3a-d71d73fc868d,1,108,Πέτρου,6,60803,60808,§28,p. 106
283,b52500df-b402-4381-9c59-1db561e9324b,1,110,Σάβα,4,61303,61306,§28,p. 106
284,4ba285a3-74cc-4f1c-a57d-ab1305b78ce3,1,26,παραχειμάσαντος,15,61309,61323,§28,p. 106
285,a323fd85-47c8-4d8a-8d50-bacb8a243f0c,1,8,Κωνσταντινουπόλει,17,61382,61398,§28,p. 106
286,c28e921c-d7bc-470a-92b3-af5728f2e906,1,110,Σάβας,5,61630,61634,§28,p. 106
287,377f065f-f483-4d9a-bd10-09b594a58583,1,110,Σάβας,5,61744,61748,§28,p. 106
288,2d79d934-bb4c-4303-b599-3d0b9479ea90,1,12,`Ιεροσολύμων,12,62077,62088,§28,p. 108
289,6979d5ff-78f3-43c8-8308-97a5c3df9c69,1,8,Κωνσταντινουπόλει,17,62110,62126,§28,p. 108
290,f8dfcfc1-95c0-40d2-b44d-9f4953130161,1,12,`Ιεροσολύμων,12,62322,62333,§28,p. 108
291,6d8c491c-7cd5-45c8-98fe-4575afd4de6b,1,53,Κωνσταντῖνος,12,62498,62509,§28,p. 108
292,880c7dcf-ba4b-4a51-8832-d44232938e6c,1,65,Γερμανόν,8,62636,62643,§28,p. 108
293,2fef0c22-25fb-42da-991c-ca0a745872ad,1,65,Γερμανοῦ,8,62737,62744,§28,p. 108
294,b431f77c-062a-47a3-82d9-54cd966bdf53,1,37,῎Αννης,6,62986,62991,§28,p. 108
295,f467edc3-b928-463d-8756-a5016ba42b6a,1,44,'Αρτάβασδον,11,63027,63037,§28,p. 108
296,c2227759-d3d4-4464-986c-293f54dff228,1,65,Γερμανὸς,8,63373,63380,§29,p. 108
297,007a657d-ed22-4698-82df-bffb1d0cf685,1,82,Μιχαὴλ,6,63544,63549,§29,p. 108
298,8dbbfb24-461a-4a93-b9e0-c4a5dd7b9f84,1,79,Μεθόδιος,8,63574,63581,§29,p. 108
299,3d5d3832-4ee6-4ac5-945e-1b1aa3cccfbe,1,124,Θεοφάνην,8,63667,63674,§29,p. 108
300,847c5c6f-d413-42cd-9ad3-3a0a869dd5f1,1,125,κεχειροτόνηκεν,14,63689,63702,§29,p. 110
301,91d13c5f-9239-4a2a-bb54-e2bbe30af0a7,1,103,Νίκαιαν,7,63713,63719,§29,p. 108
302,b776e3b5-bd5e-4988-a575-1a7a0ad30892,1,43,'Αρείου,7,63797,63803,§29,p. 110
303,43cec500-7c49-4fcf-bdfc-794e4b5f0de9,1,52,Κωνσταντίνου,12,63823,63834,§29,p. 110
304,654a9028-3532-4e5a-b6ce-c434e100a2b3,1,33,ἐν δὲ τῷ μέλλειν τοῦτον,23,63930,63952,§29,p. 110
305,a3296057-e794-4a12-b0be-ba7d3a6ff3a3,1,79,Μεθόδιον,8,64004,64011,§29,p. 110
306,dae731b8-5486-4495-9ef5-f0e284c10f26,1,79,Μεθόδιος,8,64271,64278,§29,p. 110
307,c593c407-31fe-4240-895a-f03c1477362a,1,82,Μιχαὴλ,6,64762,64767,§29,p. 110
308,3ddf9544-80b5-47ea-8a67-ab5f5bf4aa97,1,79,Μεθόδιον,8,64801,64808,§29,p. 110
309,52e9eff0-8576-4814-afc8-a32785d92e5b,1,82,Μιχαήλ,6,65078,65083,§29,p. 110
310,c510d736-3118-4505-97b8-be6322692c5b,1,118,Θεόδωρος,8,65232,65239,§30,p. 110
311,47d48d5c-65c6-4cce-b4ea-9e34da33d84a,1,124,Θεοφάνους,9,65271,65279,§30,p. 110
312,bf745996-70ad-42e5-8651-34b750de4b4e,1,124,Θεοφάνης,8,65648,65655,§30,p. 110
313,7888d043-cd8d-4218-9d7c-a0029f207935,1,82,Μιχαήλ,6,65691,65696,§30,p. 110
314,a205c1c3-cfa4-44ba-8a5a-2ed976dc26e4,1,124,Θεοφάνους,9,65885,65893,§31,p. 112
315,cf89a635-4ba9-4a6b-92b9-a59fa92fee52,1,126,καταλαβόντος,12,66211,66222,§31,p. 112
316,24b63524-4d64-4a62-a5f9-b36e701f0bb7,1,8,Κωνσταντινούπολιν,17,66246,66262,§31,p. 112
317,73f6aa61-c5af-4a33-9a3c-26cbf796d2bc,1,90,τὴν μονὴν τῆς Χώρας,19,66352,66370,§31,p. 112
318,cf6827a5-bc86-475b-897b-8c77b31a70a3,1,82,Μιχαήλ.,7,66424,66430,§31,p. 112
319,2c16974b-6257-437c-a18e-0cab50bbfb57,1,82,Μιχαήλ,6,66601,66606,§31,p. 112
320,d297058e-55f0-4597-8abd-c4b4dc078112,1,124,Θεοφάνης,8,67337,67344,§31,p. 112
321,38f7a8af-4f18-456b-a6cb-26c73d34dcf9,1,34,τῇ ἐνδεκάτῃ τοῦ ὀκτωβρίου μηνὸς τῆς ἐνάτης ὑνδικτιῶνος,54,67346,67399,§31,p. 112
322,316a11da-0a29-4d16-862f-d31b1a985443,1,81,Μιχαὴλ,6,67457,67462,§31,p. 112
323,2012222b-ae7b-447a-a695-5078baba0171,1,117,Θεοδώρας,8,67468,67475,§31,p. 112
324,05bdd577-859f-41dc-84e0-95b670e7b7fb,1,124,Θεοφάνους,9,67566,67574,§31,p. 114
325,3cb0b0da-2109-4928-8742-75aba2a5c706,1,124,Θεοφάνης,8,67738,67745,§31,p. 114
326,842fbf9d-91b2-43cb-854b-533694190eaf,1,56,Δαβὶδ,5,67756,67760,§31,p. 114
327,11e3ce46-1576-4ef8-bc04-ff65d2f749a3,1,124,Θεοφάνην,8,68134,68141,§31,p. 114
328,64d7f63d-2141-43db-902d-377c89bee66d,1,82,Μιχαὴλ,6,68176,68181,§31,p. 114
329,41de4d93-dc34-48c7-92c0-ba602b09f8c5,1,65,Γερμανοῦ,8,68365,68372,§31,p. 114
330,046ce91b-ba91-47c7-9191-aa813c6572f8,1,118,Θεοδώρου,8,68432,68439,§31,p. 114
331,9bf5439c-a258-42cf-9724-7cbe99d0cb2f,1,124,Θεοφάνους,9,68445,68453,§31,p. 114
332,a7c032a0-0480-40f5-a979-3c2ee22b5d47,1,82,Μιχαὴλ,6,68959,68964,§32,p. 114
333,1af2f2d1-6cb8-442a-94e8-1a96d520b5b4,1,82,Μιχαὴλ,6,69435,69440,§32,p. 116
334,f33f1b95-7f17-427c-9c68-933f68544d0d,1,79,Μεθόδιον,8,69986,69993,§32,p. 116
335,24b66435-061b-4c21-9a36-d81427b15c9c,1,79,Μεθόδιος,8,70177,70184,§32,p. 116
336,ad2a27ba-43d3-403b-96a6-aec0377fbd42,1,82,Μιχαὴλ,6,70248,70253,§32,p. 116
337,de3cf1f6-70f0-4e8e-99fe-02bd27c20b3e,1,79,Μεθόδιος,8,71090,71097,§32,p. 118
338,cb5fe7b6-440d-4380-9705-d279deac08ef,1,82,Μιχαὴλ,6,71226,71231,§32,p. 118
339,ecb94315-1b58-4f38-8fa3-d129bd54f343,1,14,Παῦλον,6,71558,71563,§33,p. 118
340,c5fc8f67-bab4-454c-b0bc-c589459db3b7,1,118,Θεοδώρου,8,71602,71609,§33,p. 118
341,4b58ede1-b9e3-42c9-80b3-a29dcdc7b90f,1,124,Θεοφάνους,9,71620,71628,§33,p. 118
342,54334702-229d-4176-b466-e071ff4ccf9f,1,82,Μιχαήλ,6,71896,71901,§33,p. 118
343,1a61a0fd-e11e-439f-917d-ca7a4d268907,1,82,Μιχαήλ,6,71904,71909,§33,p. 118
344,470bf196-3c5a-4d68-a1f4-77ec40b2a919,1,82,Μιχαήλ,6,72207,72212,§33,p. 118
345,a87d2c4b-65ed-49bd-9e34-a71f4fda39e3,1,82,Μιχαήλ,6,73311,73316,§34,p. 120
346,2622d867-f71f-4284-b20c-f998a712f113,1,79,Μεθόδιον,8,74846,74853,§35,p. 122
347,c420b62f-3d02-487f-8d55-6f5a1073a583,1,81,Μιχαὴλ,6,75653,75658,§36,p. 122
348,c5959bb5-59cf-48a2-851b-f00a5b549d5e,1,117,Θεοδώραν,8,75698,75705,§36,p. 122
349,162d5aa5-3f0c-4017-9304-686631699cb3,1,82,Μιχαὴλ,6,75925,75930,§36,p. 122
350,41cda689-4a80-4916-9371-fdd9437a63cf,1,82,Μιχαὴλ,6,76126,76131,§36,p. 122
351,8536786b-64fa-4879-a790-822ea2691b64,1,52,Κωνσταντίνου,12,76501,76512,§36,p. 122
352,dc774de8-e6ca-48ff-8018-c4a85ed65730,1,122,Θεοδοσίου,9,76532,76540,§36,p. 122
353,c6c53503-0364-4117-b579-0fbe7c918398,1,60,'Ελεσβοᾶ,8,76546,76553,§36,p. 122
354,805c1ce9-f0d1-4a7f-bd2c-4c526cf821e6,1,82,Μιχαὴλ,6,76845,76850,§36,p. 124
355,982f878a-ea78-4ddc-9950-ca92e277d75a,1,79,Μεθόδιον,8,77334,77341,§36,p. 124
356,ef6d3382-1346-4b8d-870a-0d27dbae360a,1,39,'Ανθίμου,8,77822,77829,§37,p. 124
357,d9452701-5b02-4771-bfc8-cec684fbeaec,1,46,Βάβυλα,6,78031,78036,§37,p. 124
358,e734bf31-8b88-49d5-91cd-f63816801a8b,1,65,Γερμανοῦ,8,78868,78875,§37,p. 126
359,5b02ff0c-ca7a-42bb-9ff5-a2f15914b5de,1,124,Θεοφάνους,9,78881,78889,§37,p. 126
360,e93ed217-3483-4016-a97f-9a9ccb126ef0,1,12,'Ιερουσαλὴμ,11,79159,79169,§37,p. 126
361,9cc7c9e7-104c-4893-a1b4-60f975dba628,1,67,'Ιγνατίου,9,79444,79452,§38,p. 126
362,90c23e13-9bf2-4021-8b37-3c714d6a1270,1,39,'Ανθίμου,8,79560,79567,§38,p. 126
363,d669f2dd-ce18-470e-a0ba-4cd4cebf6c5f,1,82,Μιχαήλ,6,81601,81606,§39,p. 128
364,677bcd6e-932d-48df-8434-f599a5741b62,1,82,Μιχαήλ,6,82495,82500,§39,p. 128
365,cbe700b6-4449-4988-acc6-2a7744e722c3,2,181,'Ηλίου ‌τοῦ ‌νέου,17,47,63,,p. 2
366,203c9d62-9cc4-453a-98b6-1ea6109efb1d,2,181,'Ηλία,5,912,916,§1,p. 2
367,faea04fd-1442-4e58-b46f-a66fca539c88,2,181,'Ηλίας,6,2632,2637,§3,p. 4
368,3a1c3764-9ab2-42ac-8351-0a0acdbbaa27,2,207,῎Εννη,5,2958,2962,§3,p. 6
369,93d4598a-fbf6-43ff-9c56-005d142faf94,2,181,'Ιωάννην,8,3091,3098,§3,p. 6
370,59410eb6-86f1-4fb1-8b20-5759ab521ba9,2,180,'Ηλίᾳ ‌τῷ ‌Θεσβίτῃ,18,3257,3274,§3,p. 6
371,a96086f7-1b97-4fba-aae8-227bf993eddb,2,207,῎Εννη,5,3361,3365,§3,p. 6
372,f9ea7031-9b7b-4480-b68c-4497c9c3abd9,2,260,`Αγίας ‌Μαρίας,14,3528,3541,§3,p. 6
373,b83b4e07-3baa-4199-86fc-ac823afc7484,2,112,Σαμουήλ,7,3846,3852,§3,p. 6
374,fd4954b4-c522-401e-997b-615719b919c9,2,71,`Ιερεμίαν,9,3913,3921,§3,p. 6
375,4cb3f22e-cf6e-4644-a9f6-7ce22f3ab43a,2,181,Ιωάννη,6,4020,4025,§4,p. 6
376,b8b7673f-c044-48e8-8f0d-9a41a4a4e47e,2,146,'Αφρικὴν,8,4070,4077,§4,p. 6
377,5e373c84-21b7-4849-9976-6727541325ff,2,146,'Αφρικὴν,8,6948,6955,§6,p. 10
378,82759bb0-c0b1-42e6-a129-044df4ce5555,2,149,'Ανανίας,8,7891,7898,§7,p. 10
379,dd8f560f-5fbb-4e92-96d4-271c9539c106,2,149,'Ανανία,7,7951,7957,§7,p. 12
380,bf33e964-3900-485f-beb8-69c2e092c85f,2,149,'Ανανίας,8,8053,8060,§7,p. 12
381,ac68baa0-af71-4826-8d65-c2d551638342,2,266,Συρακούσης,10,8635,8644,§8,p. 12
382,15fed8a5-e631-434b-a6c8-24ee3db89b7b,2,145,'Αβραὰμ,7,9672,9678,§8,p. 12
383,4a23032c-865d-49ba-82ef-852f30e5b276,2,146,'Αφρικήν,8,9797,9804,§8,p. 14
384,06265c23-c06b-4499-bbb0-eb43e575fdaf,2,131,οὐ ‌πολὺ ‌τὸ ‌ἐν ‌μέσῳ,22,10144,10165,§9,p. 14
385,592e04ff-819b-444b-84d0-6b4387f7bd71,2,195,ἀπάγεται,8,10403,10410,§9,p. 14
386,edc8fbea-989a-4c43-a834-a49fcb1ed96a,2,146,'Αφρικήν,8,10423,10430,§9,p. 14
387,411e8622-e0cb-4a61-ac44-4ecc3bb4b0b8,2,227,'Ιωσὴφ,6,10763,10768,§9,p. 14
388,ecf88a91-fe51-4191-9aa1-ca441695e56c,2,10,Αὑγύπτῳ,7,10793,10799,§9,p. 14
389,df985e99-0d32-4fb5-bf83-3da426f44499,2,227,'Ιωσὴφ,6,12486,12491,§11,p. 16
390,04720fb2-e9e9-437e-8bc2-463ea56878bd,2,227,'Ιωσὴφ,6,13406,13411,§12,p. 18
391,76b273bc-2099-4b5b-b6df-14e75c5d623f,2,18,Παύλου,6,15279,15284,§13,p. 20
392,da69992b-650c-4e5f-9a93-4fd30abbddf6,2,246,Παλαιστίνην,11,16614,16624,§14,p. 22
393,e69f4cad-e7cb-4d37-a104-7facb7787e65,2,248,Παντολέων,9,18791,18799,§16,p. 24
394,b36aebe8-f55c-49b2-beb6-addd1d53831c,2,192,‌ἀπήρξατο,9,20284,20292,§17,p. 26
395,0efcb96f-4af7-4897-bcc6-754a7e965043,2,12,ἁγίαν ‌πόλιν,12,20310,20321,§17,p. 26
396,ccaf82d0-3273-47d3-bd46-a7c53454c921,2,132,κατὰ ‌τὸν ‌Ξανθικὸν ‌μῆνα,25,20849,20873,§18,p. 26
397,fdd6de6f-3932-41fe-b102-66efab22b808,2,204,'Ηλίᾳ,5,21084,21088,§18,p. 28
398,1c7117d8-a6a9-4112-9002-3e3bac368b2f,2,181,'Ηλίαν,6,21848,21853,§18,p. 28
399,ebada2d3-50dc-4235-ada1-e043e0399b79,2,181,'Ηλίας,6,21942,21947,§19,p. 28
400,b1de951a-f866-4200-bd1e-b2fea38e66ca,2,196,‌καταλαμβάνει,13,22183,22195,§19,p. 28
401,1148b834-c0c8-4d5f-b68a-a89a91f3cfbf,2,226,'Ιορδάνην,9,22198,22206,§19,p. 28
402,21cd16d6-ac41-4689-8429-4d1c736d1279,2,233,Γεννησαρὲτ,10,22303,22312,§19,p. 28
403,4d345337-fbad-49d4-8ab5-25d9d98a076e,2,199,παραγίνεται,11,22315,22325,§19,p. 28
404,0e10242e-4e9f-404b-a179-9ed2e9f32f64,2,200,‌ἐπὶ,4,22506,22509,§19,p. 28
405,3dab2441-83bd-46da-b088-d85951c1e826,2,101,Θαβώριον,8,22516,22523,§19,p. 28
406,5c1d7bc1-4637-499d-a3fb-28329366cae8,2,198,ἐπὶ,3,22574,22576,§19,p. 28
407,214dd9e3-aba5-4bea-8544-c81fc9583605,2,100,Σίναιον,7,22583,22589,§19,p. 28
408,e9dd6c2a-c935-43d0-9e9d-efdfebf45e57,2,95,Μωσεῖ,5,22661,22665,§19,p. 28
409,fa20cb29-c6b1-4ccb-af60-7e510af30d71,2,181,'Ηλίας,6,22868,22873,§19,p. 30
410,6132b43c-eca9-4eee-894c-745b82f4ece1,2,133,μετὰ ‌τὴν ‌τριετίαν,19,23738,23756,§21,p. 30
411,f5412f01-63e9-4ef5-a58d-1abd1a22816d,2,179,ἦλθεν,5,23777,23781,§21,p. 30
412,f0d3fa00-6d2b-4d34-bc6c-05558e950b2e,2,147,'Αλεξάνδρειαν,13,23789,23801,§21,p. 30
413,144068c7-835e-4176-bf0b-3d7b43996492,2,236,Μάρκου,6,24338,24343,§21,p. 30
414,f8bc650f-37a9-47c3-8d6c-b6dd41bbfee4,2,19,Πέτρου,6,24377,24382,§21,p. 30
415,464a1c7a-84f4-4632-b755-5eaf314e7f91,2,237,Μηνᾶ,4,24429,24432,§21,p. 30
416,ebf0c7b5-b4b9-4d65-96b0-ab9b791a3245,2,231,Κύρου,5,24436,24440,§21,p. 30
417,13d95e4c-c3b0-41f5-b1b6-008f0c301663,2,220,Ιωάννου,7,24448,24454,§21,p. 30
418,f3a253c3-8693-4e6a-9aed-4968ce696858,2,253,Περσίδα,7,24641,24647,§22,p. 32
419,99d96a21-92dc-4829-ba6d-2cb5e6e33eb8,2,55,‌Δανιὴλ,7,24744,24750,§22,p. 32
420,553b708c-7b1b-4397-b6c7-84f14046d26f,2,193,καταλαμβάνει,12,24918,24929,§22,p. 32
421,85f79f2e-bf1f-4485-a746-3da90c7f1bf2,2,150,'Αντιοχέων,10,24946,24955,§22,p. 32
422,9c2cbd1f-466d-4588-a416-1e7cfd145249,2,146,'Αφρικὴν,8,25377,25384,§23,p. 32
423,519af050-771d-4d78-bb31-9187a61e9d83,2,181,'Ηλίαν,6,25555,25560,§23,p. 32
424,dfa62f07-754a-405a-b699-533d38a8eeed,2,158,Βασιλείδους,11,27450,27460,§24,p. 34
425,0782ac49-7b6c-44dc-9d17-69c66f7cdf0a,2,181,'Ηλίας,6,28770,28775,§24,p. 36
426,19d83f0d-c53c-4fb5-9b27-4199b8e72a92,2,146,'Αφρικὴν,8,28973,28980,§25,p. 36
427,0ecb4ae3-7294-43ac-bc53-8d61d704fc67,2,114,Σικελῶν,7,29010,29016,§25,p. 36
428,78aed3cd-758d-4b6d-92c3-fd3180adae6c,2,194,εὗρεν,5,29080,29084,§25,p. 36
429,14e1bf92-275b-41df-b5b5-afe1280aa16a,2,245,Πανόρμῳ,7,29091,29097,§25,p. 36
430,d6e05a16-3020-40f1-87ef-8745d667069f,2,255,`Ρηγιωτῶν,9,29419,29427,§25,p. 36
431,bbde8048-39ce-40d6-8e62-a9d8dff5105f,2,234,Λέων,4,29464,29467,§25,p. 36
432,dcfec786-008b-4695-a4c9-ba618ebb093e,2,157,Βασίλειόν,9,29503,29511,§25,p. 36
433,7fdd793d-9f15-44d3-8979-67cef9863b34,2,243,Νάσαρ,5,29540,29544,§25,p. 36
434,be57b45a-07f5-4a43-a3ba-fb66c39fedd2,2,255,`Ρήγιον,7,29594,29600,§25,p. 36
435,1f1aa12a-6ddb-42c1-b84e-7147753eb1fb,2,181,'Ηλίας,6,29670,29675,§25,p. 36
436,f85ab484-4c9b-4ecd-85e8-25650fb96a38,2,245,Πανόρμου,8,29998,30005,§25,p. 38
437,336923f7-91e2-4f2f-8cb0-36a34892bb1f,2,255,`Ρήγιον,7,30018,30024,§25,p. 38
438,20c8c986-60c4-4e7c-8faa-ce571de89b4d,2,157,Βασίλειος,9,30296,30304,§25,p. 38
439,ca61239d-fe29-464c-ab63-84ca8c5000ab,2,181,'Ηλίας,6,30672,30677,§26,p. 38
440,b287bf8d-9a4e-48c5-adc6-99d14c6c778a,2,245,Πανόρμου,8,30693,30700,§26,p. 38
441,70d9ba26-deac-4573-aed3-8a62eba2d53a,2,268,Ταυρομενιτῶν,12,30714,30725,§26,p. 38
442,016c264a-45af-4c5b-95b6-fd9ccc26f8da,2,197,καταλαμβάνει,12,30728,30739,§26,p. 38
443,a24ae04b-cad4-4cb6-b3ce-7be423358cf5,2,174,Δανιὴλ,6,31129,31134,§26,p. 38
444,86062dd9-caec-4a9d-9731-157f866539fc,2,153,Βαρσάκιος,9,31349,31357,§26,p. 38
445,cf7f0a3e-118b-41c1-9726-9ed4d9d944c9,2,174,Δανιήλ,6,31431,31436,§26,p. 40
446,79b4b46d-d362-4637-854f-8d32c1783be0,2,191,ἀπέπλευσεν,10,31440,31449,§26,p. 40
447,9b9c0f98-edc9-4fb2-8b4a-d08244005d74,2,251,Πελοποννήσῳ,11,31456,31466,§26,p. 40
448,85ac5147-190c-4b07-bd37-afe0ed2037bf,2,264,Σπάρτης,7,31516,31522,§27,p. 40
449,afc9476d-a27b-4708-bed3-0708f2fbb163,2,232,Λακωνική,8,31552,31559,§27,p. 40
450,c4180e82-fe57-4e13-ade2-0405ccf20951,2,171,Κοσμᾶ,5,31614,31618,§27,p. 40
451,e0d55d24-8720-43a6-b5cb-462835a6c653,2,172,Δαμιανοῦ,8,31626,31633,§27,p. 40
452,ff7035a2-e38a-41d0-8bb3-6c99bacea902,2,181,'Ηλίας,6,31702,31707,§27,p. 40
453,a06d05bd-e640-4131-ab8f-9da43e0ee946,2,181,'Ηλίας,6,32424,32429,§27,p. 40
454,eb7f0680-1a22-4589-8039-ccd01b6b124d,2,174,Δανιήλ,6,32437,32442,§27,p. 40
455,165b2811-14e5-417d-9845-92573cb54ea1,2,174,Δανιὴλ,6,32584,32589,§27,p. 40
456,a9eaf15c-f701-4867-b82b-d50aae5bce75,2,181,'Ηλίας,6,32841,32846,§27,p. 40
457,3c882961-5b90-45a0-8eae-c15b0b696985,2,134,ἀπέβη,5,33335,33339,§28,p. 42
458,3676f395-0ce4-42a8-ba19-e084e1d329ca,2,153,Βαρσακίῳ,8,33367,33374,§28,p. 42
459,4d1b351c-5728-4249-b4af-a627159178a4,2,268,Ταυρομενιτῶν,12,33381,33392,§28,p. 42
460,580c570f-8cdb-4a31-8baf-7428b8da5f86,2,189,κατέπλευσαν,11,33484,33494,§28,p. 42
461,eb7168cb-1ab4-4138-a22e-14c9f039d29f,2,160,Βοθρωτόν,8,33507,33514,§28,p. 42
462,919657b1-f0e5-447d-a24e-cd5d162079c3,2,210,παλαιᾶς ‌'Ηπείρου,17,33541,33557,§28,p. 42
463,af20c448-a48d-4569-b214-0eddbb0f8c08,2,181,'Ηλίας,6,34177,34182,§28,p. 42
464,469c453c-7b4d-439f-8c88-fa428c4c5f2a,2,181,'Ηλίας,6,34480,34485,§28,p. 42
465,2db0f968-a900-4ceb-9692-3dac9175c8d7,2,22,`Ρώμην,6,35318,35323,§29,p. 44
466,d7e4e33b-e3a8-4029-928f-146a9cd94fee,2,169,Κέρκυραν,8,35398,35405,§29,p. 44
467,c2b9c52f-30d2-42e2-8d28-88ff8c7df886,2,181,'Ηλίας,6,35547,35552,§29,p. 44
468,af51e11e-a2aa-4487-8452-34b2150619c1,2,183,ἀναχθέντες,10,36220,36229,§30,p. 44
469,e93ec153-e717-4788-80f0-1e235e5d16bf,2,169,Κερκύρας,8,36241,36248,§30,p. 44
470,3c873e02-ede0-4846-9635-3f408ed6f14e,2,161,Καλαβρίας,9,36294,36302,§30,p. 44
471,c43f0233-9315-4b9b-8e18-4cd29d93e92a,2,135,ἐλθόντες,8,36321,36328,§30,p. 44
472,bcada424-6ca1-4500-981d-4ab10dc371a4,2,181,‌'Ηλίᾳ,6,36359,36364,§30,p. 44
473,97b3ca9c-d26f-446d-b733-b0a61a869031,2,150,'Αντιοχείᾳ,10,36387,36396,§30,p. 44
474,df45d7d7-8ea8-411d-8345-f836eb3f2fe1,2,240,Σαλίναις,8,36419,36426,§30,p. 44
475,9f5f4382-f0bf-4efa-8ade-e6e9c812bfb3,2,181,'Ηλίας,6,36489,36494,§30,p. 44
476,89b56fe9-319c-4bcf-93c9-5ddc7ccbee7b,2,174,Δανιὴλ,6,36502,36507,§30,p. 44
477,6798314a-573c-4725-8e63-a2d435ea54e1,2,181,'Ηλίας,6,37376,37381,§31,p. 46
478,652bf06b-9f52-4ee9-95c0-bfdd77130f26,2,114,Σικελίας,8,38988,38995,§32,p. 48
479,9880a2ea-42a1-4f64-95be-56511d61a949,2,161,Καλαβρίας,9,39182,39190,§32,p. 48
480,0173a2e9-76a1-4e09-8780-6016d780b438,2,252,Πενταδακτύλου,13,42718,42730,§35,p.  52
481,21179a05-5496-46ff-80de-5e752b154266,2,174,Δανιήλ,6,43031,43036,§35,p. 52
482,ceaf9704-dd76-4169-90d1-975109b84ac9,2,181,'Ηλίας,6,43162,43167,§35,p. 52
483,9bb9a692-a6e3-47f5-aac9-df217bb78dfc,2,174,Δανιήλ,6,43176,43181,§35,p. 52
484,523755ab-b31e-4c1e-8584-63a8a1e49b84,2,247,Παντελεήμονος,13,43994,44006,§36,p. 54
485,ee0a72eb-acce-464e-b3ef-0f0a818e78e9,2,19,Πέτρου,6,44105,44110,§36,p. 54
486,b5005bf6-672c-45fc-a7a0-c2087d2f2ff9,2,18,Παύλου,6,44118,44123,§36,p. 54
487,849b0cf1-7637-419b-b127-4382ff7b7b04,2,22,`Ρώμη,5,44213,44217,§36,p. 54
488,c9a0ac9c-5f73-4f1f-bedf-8d6078ff0244,2,136,περὶ ‌ἀλεκτρυόνων ‌φωνάς,24,44482,44505,§36,p. 54
489,fa223662-a9d6-410a-9a8f-16e3471cc849,2,22,`Ρώμην,6,44560,44565,§36,p. 54
490,049dd144-626e-46d1-b55c-d779c18acc81,2,187,ᾤχετο,5,44568,44572,§36,p. 54
491,8fec58de-92f6-431b-a8f2-873f33ceba94,2,22,`Ρώμῃ,5,44595,44599,§36,p. 54
492,523f405e-1c3c-4c91-9d62-37bc953654de,2,265,Στέφανος,8,44688,44695,§36,p. 54
493,adb21a0c-2f70-4fe2-a722-2706c1bc86e4,2,181,'Ηλίας,6,44892,44897,§36,p. 54
494,2db4d10e-a064-46b7-8181-96b924950df8,2,174,Δανιήλ,6,44941,44946,§36,p. 54
495,b94808d9-8eb8-4a13-aa9a-db1b6e93b016,2,221,'Ιωνᾶς,6,44965,44970,§36,p. 54
496,d3842bea-14d4-4633-bfdb-c4f98f5cd1d0,2,268,Ταυρομενίας,11,45137,45147,§36,p. 54
497,e1bcf580-8605-4312-99bb-c6fef255db57,2,22,`Ρώμης,6,45155,45160,§36,p. 54
498,6a09b1cc-0d33-4764-80af-3ea0518248fe,2,181,'Ηλίας,6,45174,45179,§36,p. 54
499,14b7fd26-16b7-46e9-bc36-04b1c82aa3d3,2,174,Δανιὴλ,6,45214,45219,§36,p. 54
500,c16f7475-57dc-463b-8f45-ef1fc231e80b,2,137,ἡμέραν,6,45256,45261,§36,p. 54
501,907ae9e0-71a5-4b8b-a6e7-c123145780a0,2,181,'Ηλίας,6,45327,45332,§36,p. 54
502,3e12097b-0628-41c7-83fc-c33c95447bd7,2,185,ἐπανελθεῖν,10,45351,45360,§36,p. 56
503,918af9ea-ecee-4287-97fe-66854168ac3d,2,22,`Ρώμης,6,45376,45381,§36,p. 56
504,0fbdc29c-b41f-4a5f-aefd-fdb099914f33,2,161,Καλαβρίαν,9,45389,45397,§36,p. 56
505,886c42c1-853e-43c6-b93e-6c8b9854e4e9,2,22,`Ρώμῃ,5,45510,45514,§36,p. 56
506,0904cbb4-94de-47ef-aae2-d30c741afc10,2,181,'Ηλίας,6,45527,45532,§36,p. 56
507,fdcad9d2-bf8e-4144-aac4-d61bf3d8f400,2,181,'Ηλίου,6,45636,45641,§36,p. 56
508,56a961a9-6443-476b-a370-5914993f649d,2,255,`Ρηγίῳ,6,45785,45790,§37,p. 56
509,9ab3e901-df68-4431-9eb8-65019f7d75a0,2,178,Δημητρίῳ,8,45890,45897,§37,p. 56
510,6206bc57-01d7-4332-9ebd-9300cef59167,2,178,Δημήτριος,9,46328,46336,§37,p. 56
511,35e733bd-e607-4a0e-aa2a-d8a51aa5f456,2,181,'Ηλίαν,6,46374,46379,§37,p. 56
512,e5643672-c820-4d4e-b7a9-86242dc94df6,2,138,μετ' ‌οὐ ‌πολὺ,14,46468,46481,§37,p. 56
513,477e7215-eea7-4a0e-ad9c-7212ec380fba,2,177,ἀνελθὼν,7,46484,46490,§37,p. 56
514,a1063422-51d0-413b-8368-66014abfbd21,2,8,Κωνσταντινουπόλει,17,46497,46513,§37,p. 56
515,4dc62708-3fa9-456d-8ede-bda974c7ab86,2,169,Κερκύρων,8,46573,46580,§37,p. 56
516,8434abe4-7507-4042-82f8-eadff2e46028,2,176,καθίσταται,10,46601,46610,§37,p. 56
517,5e98db6e-30a6-435f-b1a0-1803ddc8058f,2,244,Παχώμιον,8,46614,46621,§37,p. 56
518,272c31db-c17a-48fa-9822-4fd3685b74ea,2,255,`Ρηγίῳ,6,46693,46698,§38,p. 56
519,a477f868-2ea7-44c5-87aa-25226917bdfe,2,139,ἔφοδον,6,46717,46722,§38,p. 56
520,d20f8a38-8310-4cde-88a5-641eae66531d,2,240,Σαλίναις,8,46745,46752,§38,p. 56
521,bdcce2f4-e354-479a-a378-c13a0eb5c0ef,2,186,ἀνέπλευσε,9,46904,46912,§38,p. 56
522,975784bd-4d1e-47ab-8e53-9864f0aa918c,2,249,Πάτρας,6,46943,46948,§38,p. 56
523,9230b287-26eb-44a7-b4c3-2324e9d588bb,2,255,`Ρηγίου,7,47197,47203,§38,p. 58
524,97adace3-ed69-416c-9737-0c0c13bfb2d4,2,139,ἀναχώρησιν,10,47221,47230,§38,p. 58
525,45b01e20-ff5e-4013-8b76-643b90f6bf46,2,222,'Ιόνιον ‌πέλαγος,16,47328,47343,§38,p. 58
526,7c5918c5-1fbf-44ab-b0bc-cdca8a4e2a1e,2,255,`Ρηγίου,7,47884,47890,§38,p. 58
527,63e29075-d002-4132-bc79-1caf7b2b5ee7,2,240,Σαλίναις,8,47957,47964,§38,p. 58
528,7f9f6e30-d72f-4d8e-a965-0e9e3382d3b3,2,184,ἀφίκετο,7,47967,47973,§38,p. 58
529,0c1529a5-aa6e-4c4f-8f5c-238f50ec496b,2,238,Μεσοβιάνου,10,48091,48100,§39,p. 58
530,96e840db-dcfc-4751-a628-aa5afe00a0ea,2,240,‌Σαλίναις,9,48364,48372,§39,p. 58
531,865b15db-e9d9-41f3-8f6a-023d031f6a36,2,114,Σικελίαν,8,48607,48614,§39,p. 58
532,601a51a7-acd1-4709-8a28-49b14971c107,2,174,Δανιὴλ,6,49050,49055,§39,p. 60
533,41340821-9910-49ef-86a7-2165b6c2cd69,2,245,Πανόρμου,8,49132,49139,§39,p. 60
534,879deba4-8d64-41fd-927b-2b3b30ee4a99,2,174,Δανιὴλ,6,49229,49234,§39,p. 60
535,82e4f32d-e388-475f-8f08-56cd672cdac8,2,167,Κωνσταντῖνος,12,49382,49393,§40,p. 60
536,71ed6438-3250-4cc6-8386-4a822532c142,2,261,Σκύλλης,7,49410,49416,§40,p. 60
537,92525b62-93e1-482f-85b9-64b1effb62dd,2,261,Σκύλλα,6,49449,49454,§40,p. 60
538,6fc251e4-44a9-4e8b-aadc-94e1923dd193,2,222,Σικελικὸν,9,49467,49475,§40,p. 60
539,0b4b1061-d775-42ef-b2a5-979bd05ec19d,2,273,Τυρρηνικὸν,10,49483,49492,§40,p. 60
540,a3b96952-9c8c-4e2c-a3ee-dc076797e786,2,181,'Ηλίας,6,50588,50593,§40,p. 62
541,e351a61a-850a-4f00-bffe-36b2191a89c0,2,174,Δανιήλ,6,50639,50644,§40,p. 62
542,5058162a-2c76-44ec-b77a-308315c11b8c,2,180,'Ηλίου,6,51507,51512,§40,p. 62
543,fc19e13e-967b-45bf-8540-bb7167d67376,2,144,Βουλαμβὲς,9,51818,51826,§41,p. 62
544,594b3009-5627-4284-8d75-51515c551ff9,2,255,`Ρηγίου,7,51862,51868,§41,p. 62
545,ff23b734-f27f-4d7e-977f-e85cc526e771,2,225,'Ιωνᾶς,6,51917,51922,§41,p. 62
546,09c92020-0dcb-4b07-b2b7-60754533c0a4,2,255,`Ρηγίῳ,6,52046,52051,§41,p. 62
547,37e84d4d-37d0-4c9d-86f7-f08cc26fdcc2,2,181,'Ηλίας,6,52416,52421,§42,p. 64
548,6b08aa1b-d2e7-488f-8fb8-09ad38ffb7d8,2,174,Δανιήλ,6,52429,52434,§42,p. 64
549,aa409faa-c973-4afe-815c-6f2e90af75cf,2,259,`Αγίας ‌Χριστίνη,16,52494,52509,§42,p. 64
550,53c17244-2dc8-4f61-a77d-855a2a2b2bec,2,239,Μιχαὴλ,6,53039,53044,§43,p. 64
551,e3937b4d-0a68-4ef5-abbf-9777205114c3,2,95,Μωϋσῆν,6,53529,53534,§43,p. 64
552,180a31fb-36b0-42f9-9e0a-882732df615b,2,258,Σαμψὼν,6,53841,53846,§43,p. 66
553,cdeea6bf-bc39-4638-84a3-9159376799ea,2,181,'Ηλίαν,6,54675,54680,§43,p. 66
554,04da771f-5238-4eb0-811f-013f03f16cd4,2,14,'Ιώβ,4,56642,56645,§45,p. 68
555,46648176-b06a-4f11-87d9-db2d1f8ce532,2,56,Δαυίδ,5,57032,57036,§45,p. 70
556,130f1c1e-0df8-4157-8987-bd639ebdc011,2,18,Παῦλος,6,57486,57491,§45,p. 70
557,433e7272-d6e6-4b70-a208-c19f1197094d,2,227,'Ιωσήφ,6,59281,59286,§47,p. 72
558,b3147411-28bf-486b-91ca-1b18bcde8afd,2,181,'Ηλία,5,60168,60172,§48,p. 72
559,fed18319-4099-4de4-9aa2-f10b28f7a45f,2,234,Λέων,4,60998,61001,§48,p. 74
560,11cf6087-b1fe-465e-8da8-aa3ec4753d3b,2,141,χρόνου ‌δέ ‌τινος,17,61104,61120,§49,p. 74
561,38d01e8a-f1d4-46d1-9e7a-4f3a5d607df1,2,268,Ταυρομενίαν,11,61181,61191,§49,p. 74
562,563a58a8-e26a-4145-910f-c0d1321f4f6c,2,188,καταλαβεῖν,10,61201,61210,§49,p. 74
563,93940183-d518-425c-bbc8-005b51a14bee,2,106,Παγκρατίου,10,61248,61257,§49,p. 74
564,a1004936-fa56-4732-8b1a-06a7576a8921,2,181,'Ηλίας,6,61344,61349,§49,p. 74
565,bd801298-96be-43fd-aad4-da4239138ab5,2,218,Βραχίμου,8,61375,61382,§49,p. 74
566,80bc206c-da9d-4dfa-8430-0ad4f64e7dba,2,146,'Αφρικῆς,8,61399,61406,§49,p. 74
567,08c270ca-cae9-41b1-bede-a48de8cb7330,2,168,Κωνσταντίνῳ,11,61999,62009,§49,p. 74
568,53ae5c67-ead6-45cf-9621-2f5983ebc02b,2,208,'Επαμεινώνδας,13,62480,62492,§49,p. 76
569,c9edf6c1-3e5e-4c19-9b15-6554d829736c,2,262,Σκηπίων,7,62640,62646,§49,p. 76
570,ffbd5ace-ff72-4899-b021-6b5ab8f8b1d6,2,208,'Επαμεινώνδᾳ,12,62723,62734,§49,p. 76
571,50ad2c01-5d13-462b-b12f-b3a384c4a89f,2,168,Κωνσταντίνῳ,11,63837,63847,§49,p. 76
572,7cfe6d58-bac7-49db-bc91-d24320a18ec8,2,163,Χρυσίονος,9,63924,63932,§50,p. 78
573,aee8d16c-3067-4993-a3cf-42413b1d4185,2,218,Βράχιμον,8,64049,64056,§50,p. 78
574,9f5f7e3f-9433-4e2d-aa65-1b85961c0aa8,2,163,Χρυσίων,7,64188,64194,§50,p. 78
575,2c395e17-864f-481e-a70b-59fa3fc081b7,2,174,Δανιὴλ,6,64423,64428,§50,p. 78
576,b1a817e4-6291-44b4-8346-915b1740b563,2,66,῎Αγαρ,5,64671,64675,§50,p. 78
577,d772000d-8ce5-4b7c-97d3-e2d39bd382b7,2,71,`Ιερεμίαν,9,64737,64745,§50,p. 78
578,63a4bcc4-d580-4976-9443-a29871f1d4ed,2,181,'Ηλίας,6,65893,65898,§51,p. 80
579,3a252f39-886d-4a28-914d-e5cc012ef05b,2,148,'Αμάλφην,8,66535,66542,§52,p. 80
580,552e4ed3-d612-408c-88f3-abc5e26a06e7,2,190,κατέλαβον,9,66972,66980,§52,p. 80
581,78253d94-afd6-490f-ba95-ac1f35a9b65e,2,148,'Αμάλφην,8,66988,66995,§52,p. 80
582,5cbe1516-325d-471c-8fa3-a040e9e19452,2,268,τὴν ‌τῶν ‌Ταυρομενιτῶν,22,67090,67111,§52,p. 80
583,e1779421-349e-4efd-b7b7-d91b00a1a7f1,2,140,ἅλωσιν,6,67114,67119,§52,p. 80
584,cd686944-044b-411a-a9e7-beb207b0d384,2,218,῎Αφρος,6,67150,67155,§53,p. 80
585,cde02714-f106-4b98-8c60-68bb5d85e1fa,2,255,`Ρήγιον,7,67660,67666,§53,p. 82
586,d3440647-b294-4d15-b187-7fe9f0fb4bb1,2,170,Κωνσταντίαν,11,67701,67711,§53,p. 82
587,315e3977-6365-4524-a0e7-fad086c511f2,2,181,'Ηλίας,6,67761,67766,§53,p. 82
588,1306198c-c546-4692-beb5-2904d72e206c,2,8,Κωνσταντινούπολιν,17,68456,68472,§53,p. 82
589,83ee8c1d-af07-4ffc-9d74-580803f0b654,2,218,Βράχιμος,8,68520,68527,§53,p. 82
590,4f578996-8a98-4a94-9636-f2ce581b3314,2,170,Κωνσταντίᾳ,10,68573,68582,§53,p. 82
591,cbc26e98-74fc-4ed5-848d-cc965cab2990,2,223,'Ιταλίας,8,68590,68597,§53,p. 82
592,f6a60be3-6f68-4307-b1f8-7db94b3f23aa,2,141,μετὰ,4,69171,69174,§55,p. 84
593,90e126ba-1cde-4294-b6e6-505593797d64,2,182,ὑποστρέψαι,10,69187,69196,§55,p. 84
594,b32fd613-99e2-4c16-9197-45e34edc2edb,2,240,μοναστήριον,11,69231,69241,§55,p. 84
595,78a76e43-e36b-46ae-9cee-08c1c6b63237,2,155,αὑχμάλωτος,10,69343,69352,§55,p. 84
596,838aaf5e-92da-44f6-9c43-ffd23f1d5b0b,2,146,'Αφρικὴν,8,69360,69367,§55,p. 84
597,4024e257-001a-4d74-afb0-25a4dfb076bc,2,255,`Ρηγίου,7,69385,69391,§55,p. 84
598,31acbfa7-b240-4a39-8986-34083eaa374a,2,140,ἁλώσεως,7,69394,69400,§55,p. 84
599,ab1c23db-4a0d-48f1-b85c-6ec974baa6e8,2,140,μετὰ ‌τριάκοντα ‌ἡμέρας,23,69643,69665,§55,p. 84
600,4b3d94e9-7469-4292-9732-18d4afec07ee,2,154,ἐπανῆλθεν,9,69668,69676,§55,p. 84
601,c19f23af-c55f-4555-bc14-e81058872a03,2,156,Βασίλειε,8,70234,70241,§55,p. 84
602,638cfff7-3e44-4372-9e91-00af7afc087a,2,181,‌'Ηλίας,7,70501,70507,§55,p. 84
603,04585204-cb8c-4401-bcc4-be5512aa2d8a,2,240,Σαλινῶν,7,70599,70605,§55,p. 86
604,e4dc54ca-ea61-42ad-84ac-b019b7a75d68,2,215,'Αμβακοὺμ,9,70803,70811,§56,p. 86
605,60abbee7-dce6-4404-9e0b-3e1d046cd500,2,215,'Αμβακούμ,9,70971,70979,§56,p. 86
606,3c3b2dbc-e79a-4317-9c33-c5551cb83a5f,2,130,ὑπ' ‌ἀγγέλου ‌φερόμενος,23,70983,71005,§56,p. 86
607,bb360e88-5dd0-43d7-88ab-51f60f07b6b3,2,216,‌μετεωροπορῶν,13,71008,71020,§56,p. 86
608,1a549c46-af92-4f06-83c8-b4217f11294b,2,12,`Ιερουσαλὴμ,11,71027,71037,§56,p. 86
609,be78b1aa-2831-41b1-8512-3c31f5f3c856,2,47,Βαβυλῶνα,8,71051,71058,§56,p. 86
610,ea1c0f11-38be-4579-bbb9-7cd64e4cb4fe,2,55,Δανιήλ,6,71084,71089,§56,p. 86
611,38fa7f9c-e4fb-4097-84e3-7600f2134e8e,2,240,Σαλίναις,8,71124,71131,§56,p. 86
612,660fd94e-dd34-45b1-a9b5-9c00e9060452,2,146,'Αφρικῆς,8,71211,71218,§56,p. 86
613,f433a234-1eee-4530-8e9a-477320e89f2b,2,255,`Ρηγίῳ,6,71242,71247,§56,p. 86
614,2981610f-135a-491d-bf7d-98383960d858,2,180,'Ηλίας,6,71326,71331,§56,p. 86
615,ddb334e9-9a62-4b43-831a-abbe9f3248af,2,250,Πήγασος,7,71405,71411,§56,p. 86
616,6877f216-a66a-456e-89b9-3da353da2ea8,2,146,'Αφρικὴν,8,72570,72577,§57,p. 88
617,670dae2a-546b-4599-9d71-6d725cabde97,2,181,Ηλίας,5,73166,73170,§56,p. 88
618,83e75328-4773-49ae-888b-fa13f8f29190,2,181,'Ηλίᾳ,5,75416,75420,§58,p. 90
619,b3257443-f698-4bd9-943c-131feac5b4c9,2,181,'Ηλία,5,76731,76735,§58,p. 92
620,1c76e77b-dada-45ae-a0a3-7e1ab10a3b4e,2,174,Δανιὴλ,6,76743,76748,§58,p. 92
621,47b0d6b8-0fcd-46d4-ac00-a525550dae53,2,181,'Ηλίου,6,77231,77236,§58,p. 92
622,a58f4fd3-c8e7-4df3-9f08-8dd31adaf6b2,2,263,Σῆκρον,6,77326,77331,§59,p. 92
623,c0aa398f-aa1c-4733-a478-839ed5b72c5f,2,174,Δανιὴλ,6,77366,77371,§59,p. 92
624,91485a83-1398-46ea-bb99-1f7dc82c40d8,2,257,Σάβα,4,77379,77382,§59,p. 92
625,30d502a5-fa99-4956-b10e-1022fd915cf6,2,174,Δανιὴλ,6,77716,77721,§59,p. 94
626,2c7432b6-1c98-4d27-9c58-078feaeb541f,2,257,Σάβας,5,77729,77733,§59,p. 94
627,c0170b91-d340-4b8f-8e9e-7b5d745dab5d,2,254,Φιλίππῳ,7,78441,78447,§59,p. 94
628,2486a05a-fa0a-4d53-8c4b-a9737993713c,2,151,῎Αζωτον,7,78534,78540,§59,p. 94
629,e48d2edb-1463-477f-adef-11120cc7a08e,2,174,Δανιὴλ,6,78752,78757,§60,p. 94
630,88bd2d6e-01ee-4d60-b7f3-828181b0e30a,2,174,Δανιὴλ,6,79581,79586,§61,p. 96
631,79c00637-72cf-418c-8e83-e50fd7281477,2,214,`Αγίας ‌Κυριακῆς,16,80012,80027,§62,p. 96
632,5a7e060c-20ad-4199-bf22-d7f123aa0456,2,235,Μαλαχίας,8,80067,80074,§62,p. 96
633,83222ef4-2898-415e-8bad-4f9ee984db91,2,181,'Ηλίας,6,80504,80509,§62,p. 96
634,87533546-475b-41e9-83d4-8c7bf9726f79,2,95,Μωσέως,6,81908,81913,§63,p. 98
635,f9b36d6a-c636-4e31-afbb-a3aafc539eea,2,239,Μιχαὴλ,6,82705,82710,§64,p. 100
636,0368ad77-543a-4096-8899-64a5d891ac4c,2,228,Κολοῦμβόν,9,82990,82998,§64,p. 100
637,38fed6b0-ed11-4c0a-a5df-d83d92028325,2,228,Κολοῦμβος,9,83089,83097,§64,p. 100
638,e9a00aa4-9f7f-44e9-85b2-698b6b055fb5,2,228,Κολοῦμβος,9,85443,85451,§64,p. 102
639,d878fb86-2f7d-4832-8812-9e90d9020df8,2,181,'Ηλίαν,6,85576,85581,§64,p. 102
640,432ee7c0-2036-41ab-8b2f-984363f0d91f,2,240,Σαλίναις,8,85620,85627,§65,p. 102
641,0005439a-eb16-4ae1-8ae3-f2728587aded,2,255,`Ρήγιον,7,85822,85828,§65,p. 102
642,2429b3bd-c969-4488-87e7-96bfe014e9ed,2,146,'Αφρικήν,8,85945,85952,§65,p. 102
643,a3de8b5c-44c5-42b8-bff0-220b3d0a1b66,2,212,Γιεζὶ,5,86224,86228,§65,p. 104
644,e5d9143a-7794-444f-89e1-803dd274abef,2,205,'Ελισσαίου,10,86237,86246,§65,p. 104
645,cc91e635-045d-4b55-8724-d25e9ede9d89,2,181,'Ηλίας,6,86917,86922,§65,p. 104
646,3df78066-d8be-4a3c-ab0e-161542a26fe5,2,174,Δανιήλ,6,87278,87283,§66,p. 104
647,9292db9a-cd39-436e-8f4b-dfd7e89e9baa,2,234,Λέων,4,87523,87526,§66,p. 104
648,beaaca3e-38ff-416b-9f8e-a0d6d8fbf669,2,142,ὑδού,4,87763,87766,§66,p. 106
649,f530138b-7a43-4c27-87e7-4de602ba9848,2,230,ἐπέστη,6,87785,87790,§66,p. 106
650,bb9988ac-4f3e-40aa-a4f5-a9d3523019d7,2,240,μοναστηρίῳ,10,87797,87806,§66,p. 106
651,79bb6b3b-3821-42b5-83ef-2d2d534721d9,2,181,`Ηλίαν,6,87872,87877,§66,p. 106
652,5d418889-d0a6-424b-a795-82d130e50803,2,229,Κουσώνιος,9,87913,87921,§66,p. 106
653,3bcd508c-4638-4ffb-8d6e-36918e49e8af,2,241,'Ολύμπου,8,88200,88207,§66,p. 106
654,0018835d-b422-4829-b84c-be6ae6db127a,2,228,Κολοῦμβον,9,88592,88600,§66,p. 106
655,bea7d5d2-280c-4a61-a84f-018812dcb318,2,228,Κολοῦμβον,9,88692,88700,§66,p. 106
656,a752aef4-b730-4168-ac42-badb601e97d6,2,174,Δανιήλ,6,88713,88718,§66,p. 106
657,7c56c6c5-ea08-40af-8eb6-dbf4ed3e3262,2,203,ἀπῄει,5,88722,88726,§66,p. 106
658,348bb1f1-3b8a-4672-a4bf-21db81007808,2,8,βασιλεύουσαν,12,88762,88773,§66,p. 106
659,72225d78-208b-4cfe-af57-19876e676c54,2,174,Δανιὴλ,6,88792,88797,§66,p. 106
660,cc1ce303-f80b-43b8-9b7f-2941b4b7446d,2,142,γενομένοις,10,89065,89074,§67,p. 106
661,9c546d6f-6950-4b0c-96ea-831d9ee0f7c8,2,211,'Ερικοῦσαν,10,89100,89109,§67,p. 106
662,b89c70e9-785f-46ad-98b2-b87637abdede,2,222,'Ιονίου,7,89157,89163,§67,p. 106
663,57038ec8-b19b-4b39-8017-2cb81885240c,2,209,'Ηπειρώτιδος,12,89210,89221,§67,p. 106
664,032669c3-18e6-4a84-bc39-67673c028427,2,162,συνηντήθη,9,89230,89238,§67,p. 106
665,279d1dff-c3b7-49da-b659-3f2ecfbf7459,2,163,Χρυσίων,7,89249,89255,§67,p. 106
666,3f7f4a2e-0480-43df-a1ca-64b99bb9de79,2,140,ὅτε,3,89311,89313,§67,p. 106
667,3d7ff5c1-7605-4bdb-a92e-6dbc20230775,2,268,Ταυρομενίᾳ,10,89324,89333,§67,p. 106
668,89369ecd-a530-449a-a34c-aa30f9bc0f8f,2,218,Βράχιμος,8,89393,89400,§67,p. 107
669,c0cc4c88-152e-4887-87e6-895e523e8e9c,2,201,φθάσαντες,9,89884,89892,§68,p. 108
670,cb8a62b0-5842-4c2c-83a2-47f8d25d57c6,2,242,Ναύπακτον,9,89899,89907,§68,p. 108
671,9ce40d1f-74ce-4f80-b4a5-66d03905f4b2,2,267,Συρίας,6,89940,89945,§68,p. 108
672,7e32ca3a-3126-4f85-a06f-2045d14931cf,2,8,Βυζάντιον,9,89983,89991,§68,p. 108
673,3e2c1bbf-94ad-40a5-a49b-600e5e5d0019,2,8,Βυζαντίου,9,90233,90241,§68,p. 108
674,d015f9e7-1b32-44b4-b294-4f6c00a0aad2,2,217,`Ελλήσποντον,12,90355,90366,§68,p. 108
675,4f359820-35ea-4d5b-b94e-a9b395362917,2,219,'Ιλλυριὸν,9,90396,90404,§68,p. 108
676,28a9d865-586f-446e-8958-c0cc81936ae8,2,271,Θεσσαλονικέων,13,90435,90447,§68,p. 108
677,f9bfeb51-a8c5-4165-b375-b3edbf165ce9,2,229,Κουσώνιον,9,90478,90486,§68,p. 108
678,25638021-37b7-4204-bbe5-d15b7bee13e1,2,181,'Ηλία,5,90685,90689,§68,p. 108
679,d0860e87-1901-4e61-8189-c657f7694f7e,2,174,Δανιὴλ,6,90829,90834,§68,p. 108
680,0cbde9c6-51ce-4a9a-9bb1-fb1bbd2b244c,2,224,'Ιακώβ,6,91049,91054,§68,p. 108
681,8d6e5728-c0de-4ea7-b5f3-8aca3dac8f28,2,95,Μωσεῖ,5,91124,91128,§68,p. 110
682,de84bc7d-de72-4850-b0a1-862c0412e65b,2,242,Ναυπάκτου,9,91162,91170,§69,p. 110
683,ab23e2c4-8798-4614-9e03-69783411b00b,2,206,`Ελλάδα,7,91189,91195,§69,p. 110
684,5761457e-3963-4c6b-ab86-930408e64dda,2,206,`Ελλάδα,7,91189,91195,§69,p. 110
685,b2784f55-4b93-44b1-b8f0-a6c8e21f9fef,2,219,'Ιλλυρικοῦ,10,91238,91247,§69,p. 110
686,ceadcc78-2dff-48ac-b987-31f4a933c6ec,2,228,Κολούμβῳ,8,91339,91346,§69,p. 110
687,d16279ab-6381-4e91-8a1e-be3907136582,2,271,Θεσσαλονικέων,13,91457,91469,§69,p. 110
688,770eeb64-11a6-424d-8bb8-42d59f7be69d,2,202,καταλαμβάνει,12,91472,91483,§69,p. 110
689,f01ff000-6dcf-4257-a65f-d6970befad26,2,166,τῶν ‌ἁγίων ‌'Αποστόλων,22,91598,91619,§69,p. 110
690,ea707b2b-a77f-4fdc-800f-eef5fcebceca,2,142,ἑξῆς,4,91632,91635,§69,p. 110
691,5729c6f3-d9fa-495e-8fc2-0d952ae08edb,2,166,τῶν ‌'Αποστόλων,15,91775,91789,§69,p. 110
692,d6eeffe2-db00-4949-8ac1-df242dcd9934,2,164,Δημητρίου,9,91854,91862,§69,p. 110
693,81705123-816b-435a-bacd-ed98d2f77a82,2,175,Δημήτριε,8,92046,92053,§69,p. 110
694,593fa16b-77af-40d4-b126-16858da675d8,2,174,Δανιήλ,6,93256,93261,§70,p. 112
695,e977cf34-903d-47d6-b8bb-f3bf654af1de,2,181,'Ηλίας,6,94489,94494,§70,p. 114
696,7630b4cd-c3b7-4e38-a400-1737749b7392,2,165,Γεωργίου,8,95314,95321,§71,p. 114
697,ab989b69-2027-4bfa-8485-a10173f6cfb5,2,174,Δανιὴλ,6,95341,95346,§71,p. 114
698,db889f05-6f45-48d7-ab37-1abb2bb3c2e7,2,152,Βάρδας,6,95564,95569,§72,p. 114
699,c82a13cd-984b-40a4-8417-ed34a41aa83d,2,174,Δανιὴλ,6,96342,96347,§72,p. 116
700,3e6ab701-ce76-415a-b0e8-79afa064c5e3,2,174,Δανιήλ,6,96637,96642,§72,p. 116
701,3a8105a3-36d1-4ccf-af2c-74d4a82eb26c,2,213,Γεώργιος,8,97047,97054,§73,p. 116
702,fd297706-b4ec-4d1b-8002-2444f0d48242,2,272,Θεσσαλίαν,9,97317,97325,§73,§116
703,9e4cfce9-e872-4625-a650-e0c129e94cc9,2,206,`Ελλάδα,7,97329,97335,§73,p. 116
704,503c61c0-fbc9-4fd9-a0ed-e9c283613978,2,270,Θεσπρωτίαν,10,97343,97352,§73,p. 116
705,9b027f3d-65c4-4301-9a79-30733d73b53c,2,160,Βοθρωτοῦ,8,97362,97369,§73,p. 116
706,6d927b83-babd-4c44-8921-7adb3c078cb0,2,256,`Ρουσιανῶν,10,97434,97443,§73,p. 116
707,b6834327-8876-4a4d-b018-35e1284e0a96,2,159,Βισουνιάνου,11,97486,97496,§73,p. 116
708,fa7784d6-6b13-4aa8-bcea-9933cf2ca2ae,2,174,Δανιὴλ,6,97946,97951,§74,p. 118
709,94d71faf-a75d-4c22-968d-d6dd488f2f4b,2,173,παραγίνεται,11,97965,97975,§74,p. 118
710,f23a6252-2d06-4e94-9fe6-617653b4c996,2,240,Σαλίναις,8,97982,97989,§74,p. 118
711,769b4695-34a9-4b9b-aebb-214ac3d169e9,2,269,Ταυριάνῃ,8,98287,98294,§74,p. 118
712,52efa86f-1a60-45ab-a87e-692a38e7960f,2,143,αὐτὴν ‌τὴν ‌ἡμέραν,18,98396,98413,§74,p. 118
713,fbbf48a0-33d8-4821-86e8-53aa126c85cf,2,181,'Ηλίου,6,99079,99084,§74,p. 118
714,0d623295-aedf-476d-9698-fcb165042095,2,234,Λέων,4,99341,99344,§75,p. 120
715,3f24b43c-0b26-4adf-a31e-efed4f6abb1a,2,181,'Ηλίας,6,99664,99669,§75,p. 120
716,15bfb116-48f7-4a9a-8048-1342e115e4d9,2,96,Κάρμηλον,8,99698,99705,§75,p. 120
717,a4794b72-aca2-4a69-95bd-f011b9d930b8,2,181,'Ηλίαν,6,99926,99931,§75,p. 120
718,51a3c5f1-c74e-4167-9d80-b8b6c2b545ff,2,181,'Ηλία,5,100936,100940,§76,p. 120
719,6e0ae4d6-7879-4485-b27e-3bad2da4ce8a,4,279,'Ανδρέου,8,31,38,,p. 169
720,d8f9ed49-7b79-439f-9c87-58aa470cddf5,4,288,Κρήτης,6,84,89,,p. 169
721,558d67bb-0cd4-4ae0-8551-fec45ba1b6d2,4,298,Νικήτα,6,108,113,,p. 169
722,91277b9d-ba1a-4fd3-a1cb-ddde71f3ca0f,4,279,'Ανδρέου,8,1183,1190,§1,p. 170
723,ae1e7aa9-97b3-43de-8c16-ab9591a8a62e,4,288,Κρητῶν,6,1224,1229,§1,p. 170
724,a65f25dd-e943-456d-8114-f12fcc70fbda,4,292,Γεωργίου,8,1358,1365,§2,p. 170
725,2caa1606-b05a-4513-8324-b835c48bec67,4,293,Γρηγορίας,9,1371,1379,§2,p. 170
726,1f7099eb-c257-414c-8165-cf73b7abc4e8,4,289,Δαμασκὸς,8,1554,1561,§2,p. 170
727,741a5547-836d-4092-ada6-4b0de052cd55,4,95,Μωσέως,6,2031,2036,§2,p. 170
728,7afc379f-8d20-4058-96e6-9857289f017c,4,283,προσάγεται,10,3259,3268,§3,p. 171
729,f3639692-524e-4ada-a931-a90500369e89,4,274,κατὰ τὴν δευτέραν αὐτοῦ ἡλικίαν,31,3373,3403,§3,p. 171
730,c4744d2f-c154-4867-938b-fad9d6be976f,4,12,`Ιεροσολύμων,12,3422,3433,§3,p. 171
731,2924875f-821d-4ee3-8978-1878aa078c95,4,51,'Αναστάσεως,11,3467,3477,§3,p. 171
732,968675b8-4d6e-4279-965e-c608c7f53247,4,299,Θεοδώρου,8,3576,3583,§3,p. 171
733,ad0736a7-5892-4b60-b59d-eda737f2cb6c,4,12,`Ιεροσολύμων,12,4260,4271,§3,p. 172
734,c9e8bf54-b90a-4baa-bb45-45fe32c86d02,4,299,Θεόδωρον,8,4406,4413,§3,p. 172
735,ab8773cb-39a1-42e1-a2af-cf71b7be5622,4,8,βασιλίδι πόλει,14,5480,5493,§4,p. 172
736,dc9bf1fa-05e2-4ff0-9b50-743a9f9802b9,4,287,Κωνσταντίνου,12,5595,5606,§4,p. 172
737,26eb82b2-ded7-4201-9471-3dcd8dc1eb18,4,296,'Ιουστινιανοῦ,13,5683,5695,§4,p. 172
738,6ad4d55b-a70d-4b93-964f-5144e4317f4a,4,12,`Ιεροσολύμων,12,6162,6173,§4,p. 173
739,6f74d27f-9995-48fa-889b-ddd0fff76da4,4,284,ἀνέπεμψαν,9,6786,6794,§4,p. 173
740,e16e7709-3467-4e83-a4b6-4bb8cc825141,4,275,διαδέξασθαι,11,6935,6945,§4,p. 173
741,3fb830e4-d675-4a5d-8242-a88130239fde,4,296,'Ιουστινιανόν,13,6970,6982,§4,p. 173
742,99408665-ecf5-4a33-a145-c86cfb10212f,4,296,'Ιουστινιανοῦ,13,7130,7142,§4,p. 173
743,0755782c-ff3c-4747-b721-bf956dc37be7,4,12,`Ιεροσόλυμα,11,7291,7301,§4,p. 173
744,9f925e04-5b8b-4d5c-88f1-e0f4f460c0c9,4,294,`Ιεριχὼ,7,7540,7546,è5,p. 173
745,bb345a68-5957-4148-8fb2-dc5fe600edc5,4,12,`Ιερουσαλήμ,11,7552,7562,§5,p. 173
746,8a62d923-4083-43d0-8a6b-6b7153554b8d,4,290,διακονίας τῶν Εὐγενίου,22,8767,8788,§5,p. 174
747,1442d085-abf0-48b5-98d6-2edd4dc30777,4,227,'Ιωσήφ,6,9186,9191,§5,p. 174
748,f59e9858-ec6a-4eb4-9c19-7cea7ef2880b,4,10,Αὑγύπτῳ,7,9201,9207,§5,p. 174
749,9edf3460-8187-4fca-8d10-407455ad4069,4,288,Κρητῶν,6,9589,9594,§5,p. 175
750,b18ceedf-a613-4598-8af9-b8f66bb86867,4,280,ἀποκαθίσταται,13,9623,9635,§6,p. 175
751,5740bbf4-0931-4887-8957-2bf89de46cf4,4,276,ἑτοιμασθέντι,12,9643,9654,§6,p. 175
752,76359bd7-b105-478f-82df-65d5c033b991,4,56,Δαυὶδ,5,10533,10537,§6,p. 175
753,b5d60ea4-b0ac-4058-a1c1-27d27f225735,4,295,'Ιωάννου,8,11025,11032,§6,p. 175
754,61899de9-a366-435e-876d-724959fbd4ea,4,285,Βλαχέρνας,9,11413,11421,§7,p. 176
755,e7dc8912-d8fe-4b86-8a49-bafc3c178d17,4,288,Κρητῶν,6,13117,13122,§8,p. 177
756,8735e60d-1b02-4bae-935d-e1f4fa25cf65,4,288,Κρήτῃ,5,13252,13256,§8,p. 177
757,573de4f4-3a0a-48e5-9c9b-5bf5555aa71d,4,291,Τοῦ Δριμέως,11,13307,13317,§8,p. 177
758,cb911bad-8b1e-433a-b06e-2ef4dd0f9f12,4,277,ὥστε,4,14683,14686,§9,p. 178
759,230a0af1-eb9c-4d9f-92c2-6c8426a06bed,4,282,ἀνελθεῖν,8,14688,14695,§9,p. 178
760,e437550c-fd1f-4e82-94d0-34620c3b42a7,4,8,θεοφυλάκτῳ πόλει,16,14709,14724,§9,p. 178
761,614292a7-884a-404f-8759-235aec98a1e9,4,281,ἀπέλυσεν,8,15630,15637,§10,p. 178
762,ecc3c351-bedd-428f-a4c0-2ab0f010de23,4,8,Κωνσταντινουπόλεως,18,15643,15660,§10,p. 178
763,8554fe4c-cf08-4774-b464-7266fce5df64,4,297,Μιτυλήνην,9,15697,15705,§10,p. 178
764,b5a6ef32-8cfc-4dad-89c2-f318e88d04e0,4,286,'Αναστασίας,11,16117,16127,§10,p. 178
765,c431c7c4-a9cb-4d0a-83ed-956755950f71,4,278,ὑνδικτιῶνος ὀγδόης,18,16499,16516,§10,p. 179
766,7997f8ba-2c76-4de5-87be-883429e9e2f5,5,311,ἑξήκοντα νέων μαρτύρων,22,20,41,,p. 1
767,a847d6a1-b0e4-4112-9aa0-dab5e34359ec,5,56,Δαυὶδ,5,372,376,§1,p. 1
768,075efb2b-60cb-41df-a253-e47cc85d6b17,5,311,οἱ ἅγιοι οὗτοι καὶ φιλέντολοι ἑξήκοντα Χριστοῦ τοῦ θεοῦ ἡμῶν καὶ ἀήττητοι μάρτυρες,82,795,876,§1,p. 1
769,e20c8dea-24a9-4b57-a878-232c057a1038,5,318,Σολομὼν ὁ τοῦ 'Ανακτοδούλου,27,2326,2352,§3,p. 2
770,4d1a12a8-0eb5-4517-ac40-621fd0c0405f,5,309,Λέων,4,3223,3226,§4,p. 2
771,b3e56d5f-6dc8-4d11-bb67-92d9fb5e7e41,5,8,τῶν `Ρωμαίων χώρας,18,4683,4700,§5,p. 3
772,53dc91be-f26b-4585-8e9f-6e15aa083088,5,300,ἑβδόμῳ ἔτει,11,5062,5072,§6,p. 4
773,13816027-00d4-4d07-9a50-86b12e82d1b8,5,312,ἑβδομήκοντα,11,5098,5108,§6,p. 4
774,43cded79-5632-46f9-97d7-8ad7c0f44c55,5,314,ἔφθασαν,7,5349,5355,§6,p. 4
775,596f1df1-5d19-44cf-8c6b-1e19d803074f,5,12,`Ιεροσόλυμα,11,5361,5371,§6,p. 4
776,937d7197-ea69-4ef9-a451-8949103ce497,5,315,ἐγένοντο,8,5796,5803,§6,p. 4
777,242de88d-fae4-44ba-981d-6dc511578360,5,310,Κολωνείας,9,5821,5829,§6,p. 4
778,c65ee0de-3e77-4e42-bb6e-db0e60f98a61,5,317,ἐπιστρέψαντες,13,6237,6249,§7,p. 4
779,a3967df2-2be3-4696-b98b-deb9d90e0150,5,12,`Ιεροσόλυμα,11,6267,6277,§7,p. 4
780,76cbb38e-c6a6-4a51-8b9a-6dcf91ffe8f1,5,301,Καισαρείας,10,6341,6350,§7,p. 4
781,7515555e-fb9f-4c88-a2bd-7bfe85e971f4,5,246,Παλαιστίνης,11,6368,6378,§7,p. 4
782,a4c9d4d1-ddb6-4798-96b9-ace129f7b6be,5,316,καταλαβόντων,12,6583,6594,§7,p. 4
783,d1e2b764-309d-41f6-8dfe-7fa53bb5514a,5,301,Καισαρέων μητρόπολιν,20,6600,6619,§7,p. 4
784,0eab98a3-484e-46fd-8814-3698edd171d3,5,301,Καισαιρείας,11,7119,7129,§8,p. 5
785,55a49b9e-c9be-4190-af6e-dcd29c203390,5,301,Καισαρείας,10,8000,8009,§8,p. 5
786,673fd7aa-d206-4474-94ae-368a313492bf,5,303,Γεώργιος,8,8314,8321,§9,p. 5
787,5a93860a-a447-4998-a012-458f57d00793,5,307,'Ιωάννης,8,8327,8334,§9,p. 5
788,2568fdd4-e7d2-4b36-b06d-04fb798a2d27,5,308,'Ιουλιανὸς,10,8340,8349,§9,p. 5
789,f243fbae-e1ef-455c-9666-e917429ce352,5,303,Γεώργιος,8,8698,8705,§9,p. 5
790,8c4d1652-83af-4201-8fde-8abf9b044433,5,307,'Ιωάννης,8,8711,8718,§9,p. 5
791,9ec62e20-08da-49e2-9d3f-57121a3b8286,5,308,'Ιουλιανός,10,8724,8733,§9,p. 5
792,abb94516-d4d4-4c03-b9ac-4783f3bce7ea,5,12,`Ιεροσόλυμα,11,8780,8790,§9,p. 5
793,106b013b-9b37-4015-87f9-a992e4e107c0,5,56,Δαυὶδ,5,8875,8879,§9,p. 6
794,e7411d02-9610-4be7-bdd5-3b4bbe5f381e,5,306,'Ιωάννῃ,7,9049,9055,§9,p. 6
795,9205e378-bd63-4b1e-9c55-246e294a7ec6,5,301,Καισαρείας,10,9077,9086,§9,p. 6
796,aa964ad3-9068-47bd-b706-c66a0824672a,5,306,'Ιωάννη,7,9173,9179,§9,p. 6
797,7c275a09-b714-4083-9fb3-6d4d73849f78,5,12,`Ιεροσόλυμα,11,9288,9298,§9,p. 6
798,21ba5cf8-15bc-4c74-be91-7a6a88ee3ff6,5,313,ἀπηνέχθησαν,11,9701,9711,§10,p. 6
799,b5f6b203-8ea9-4f33-95e1-cf821f4daabe,5,301,Καισαρείας,10,9776,9785,§10,p. 6
800,3273b4cf-102a-4369-8253-d09c158c1552,5,12,`Ιεροσόλυμα,11,9791,9801,§10,p. 6
801,15113c64-4f31-48ce-93e3-fc8b8ad51e9c,5,12,`Ιεροσόλυμα,11,9833,9843,§10,p. 6
802,720325d8-2ea5-41cb-ae79-6243856a72e8,5,19,Πέτρον,6,10455,10460,§10,p. 6
803,68efd943-d000-4935-97f5-7254f89138f9,5,18,Παῦλον,6,10466,10471,§10,p. 6
804,865e5a5c-8004-45eb-b4c5-3e889c31d97f,5,304,ἀνῆλθεν,7,10809,10815,§11,p. 7
805,68487db5-c128-42e7-b453-fec5d70118db,5,306,'Ιωάννης,8,10840,10847,§11,p. 7
806,3d0fcf1a-fd44-4f9a-b26e-aa8270ca32d1,5,301,Καισαρείας,10,10853,10862,§7,p. 4
807,5767b93d-5afe-4648-aef7-b436d5b379e6,5,12,`Ιεροσόλυμα,11,10868,10878,§6,p. 4
808,1ba23b7e-8dee-44e1-8e66-870ce410af82,5,302,ἁγίου Στεφάνου,14,10933,10946,§11,p. 7
809,f0341cd9-357d-442e-ab79-5c53097ce5fe,5,305,'Ιωάννης,8,11318,11325,§12,p. 7
810,0d441e5f-8083-4baa-8e8a-fa60b35826ee,5,12,`Ιεροσόλυμα,11,11522,11532,§12,p. 7
